-- MySQL dump 10.13  Distrib 8.0.45, for Win64 (x86_64)
--
-- Host: localhost    Database: retail_dw
-- ------------------------------------------------------
-- Server version	8.0.45

/*!40101 SET @OLD_CHARACTER_SET_CLIENT=@@CHARACTER_SET_CLIENT */;
/*!40101 SET @OLD_CHARACTER_SET_RESULTS=@@CHARACTER_SET_RESULTS */;
/*!40101 SET @OLD_COLLATION_CONNECTION=@@COLLATION_CONNECTION */;
/*!50503 SET NAMES utf8 */;
/*!40103 SET @OLD_TIME_ZONE=@@TIME_ZONE */;
/*!40103 SET TIME_ZONE='+00:00' */;
/*!40014 SET @OLD_UNIQUE_CHECKS=@@UNIQUE_CHECKS, UNIQUE_CHECKS=0 */;
/*!40014 SET @OLD_FOREIGN_KEY_CHECKS=@@FOREIGN_KEY_CHECKS, FOREIGN_KEY_CHECKS=0 */;
/*!40101 SET @OLD_SQL_MODE=@@SQL_MODE, SQL_MODE='NO_AUTO_VALUE_ON_ZERO' */;
/*!40111 SET @OLD_SQL_NOTES=@@SQL_NOTES, SQL_NOTES=0 */;

--
-- Table structure for table `dim_customer`
--

DROP TABLE IF EXISTS `dim_customer`;
/*!40101 SET @saved_cs_client     = @@character_set_client */;
/*!50503 SET character_set_client = utf8mb4 */;
CREATE TABLE `dim_customer` (
  `CustomerKey` bigint DEFAULT NULL,
  `Customer_ID` text,
  `Gender` text,
  `Age` bigint DEFAULT NULL,
  `Age_Group` text
) ENGINE=InnoDB DEFAULT CHARSET=utf8mb4 COLLATE=utf8mb4_0900_ai_ci;
/*!40101 SET character_set_client = @saved_cs_client */;

--
-- Dumping data for table `dim_customer`
--

LOCK TABLES `dim_customer` WRITE;
/*!40000 ALTER TABLE `dim_customer` DISABLE KEYS */;
INSERT INTO `dim_customer` VALUES (1,'CUST001','Male',34,'28-37'),(2,'CUST002','Female',26,'18-27'),(3,'CUST003','Male',50,'48-57'),(4,'CUST004','Male',37,'28-37'),(5,'CUST005','Male',30,'28-37'),(6,'CUST006','Female',45,'38-47'),(7,'CUST007','Male',46,'38-47'),(8,'CUST008','Male',30,'28-37'),(9,'CUST009','Male',63,'58+'),(10,'CUST010','Female',52,'48-57'),(11,'CUST011','Male',23,'18-27'),(12,'CUST012','Male',35,'28-37'),(13,'CUST013','Male',22,'18-27'),(14,'CUST014','Male',64,'58+'),(15,'CUST015','Female',42,'38-47'),(16,'CUST016','Male',19,'18-27'),(17,'CUST017','Female',27,'18-27'),(18,'CUST018','Female',47,'38-47'),(19,'CUST019','Female',62,'58+'),(20,'CUST020','Male',22,'18-27'),(21,'CUST021','Female',50,'48-57'),(22,'CUST022','Male',18,'18-27'),(23,'CUST023','Female',35,'28-37'),(24,'CUST024','Female',49,'48-57'),(25,'CUST025','Female',64,'58+'),(26,'CUST026','Female',28,'28-37'),(27,'CUST027','Female',38,'38-47'),(28,'CUST028','Female',43,'38-47'),(29,'CUST029','Female',42,'38-47'),(30,'CUST030','Female',39,'38-47'),(31,'CUST031','Male',44,'38-47'),(32,'CUST032','Male',30,'28-37'),(33,'CUST033','Female',50,'48-57'),(34,'CUST034','Female',51,'48-57'),(35,'CUST035','Female',58,'58+'),(36,'CUST036','Male',52,'48-57'),(37,'CUST037','Female',18,'18-27'),(38,'CUST038','Male',38,'38-47'),(39,'CUST039','Male',23,'18-27'),(40,'CUST040','Male',45,'38-47'),(41,'CUST041','Male',34,'28-37'),(42,'CUST042','Male',22,'18-27'),(43,'CUST043','Female',48,'48-57'),(44,'CUST044','Female',22,'18-27'),(45,'CUST045','Female',55,'48-57'),(46,'CUST046','Female',20,'18-27'),(47,'CUST047','Female',40,'38-47'),(48,'CUST048','Male',54,'48-57'),(49,'CUST049','Female',54,'48-57'),(50,'CUST050','Female',27,'18-27'),(51,'CUST051','Male',27,'18-27'),(52,'CUST052','Female',36,'28-37'),(53,'CUST053','Male',34,'28-37'),(54,'CUST054','Female',38,'38-47'),(55,'CUST055','Male',31,'28-37'),(56,'CUST056','Female',26,'18-27'),(57,'CUST057','Female',63,'58+'),(58,'CUST058','Male',18,'18-27'),(59,'CUST059','Male',62,'58+'),(60,'CUST060','Male',30,'28-37'),(61,'CUST061','Male',21,'18-27'),(62,'CUST062','Male',18,'18-27'),(63,'CUST063','Male',57,'48-57'),(64,'CUST064','Male',49,'48-57'),(65,'CUST065','Male',51,'48-57'),(66,'CUST066','Female',45,'38-47'),(67,'CUST067','Female',48,'48-57'),(68,'CUST068','Male',25,'18-27'),(69,'CUST069','Female',56,'48-57'),(70,'CUST070','Female',43,'38-47'),(71,'CUST071','Female',51,'48-57'),(72,'CUST072','Female',20,'18-27'),(73,'CUST073','Male',29,'28-37'),(74,'CUST074','Female',18,'18-27'),(75,'CUST075','Male',61,'58+'),(76,'CUST076','Female',22,'18-27'),(77,'CUST077','Female',47,'38-47'),(78,'CUST078','Female',47,'38-47'),(79,'CUST079','Male',34,'28-37'),(80,'CUST080','Female',64,'58+'),(81,'CUST081','Male',40,'38-47'),(82,'CUST082','Female',32,'28-37'),(83,'CUST083','Male',54,'48-57'),(84,'CUST084','Female',38,'38-47'),(85,'CUST085','Male',31,'28-37'),(86,'CUST086','Male',19,'18-27'),(87,'CUST087','Female',28,'28-37'),(88,'CUST088','Male',56,'48-57'),(89,'CUST089','Female',55,'48-57'),(90,'CUST090','Female',51,'48-57'),(91,'CUST091','Female',55,'48-57'),(92,'CUST092','Female',51,'48-57'),(93,'CUST093','Female',35,'28-37'),(94,'CUST094','Female',47,'38-47'),(95,'CUST095','Female',32,'28-37'),(96,'CUST096','Female',44,'38-47'),(97,'CUST097','Female',51,'48-57'),(98,'CUST098','Female',55,'48-57'),(99,'CUST099','Female',50,'48-57'),(100,'CUST100','Male',41,'38-47'),(101,'CUST1000','Male',47,'38-47'),(102,'CUST101','Male',32,'28-37'),(103,'CUST102','Female',47,'38-47'),(104,'CUST103','Female',59,'58+'),(105,'CUST104','Female',34,'28-37'),(106,'CUST105','Female',22,'18-27'),(107,'CUST106','Female',46,'38-47'),(108,'CUST107','Female',21,'18-27'),(109,'CUST108','Female',27,'18-27'),(110,'CUST109','Female',34,'28-37'),(111,'CUST110','Male',27,'18-27'),(112,'CUST111','Female',34,'28-37'),(113,'CUST112','Male',37,'28-37'),(114,'CUST113','Female',41,'38-47'),(115,'CUST114','Female',22,'18-27'),(116,'CUST115','Male',51,'48-57'),(117,'CUST116','Female',23,'18-27'),(118,'CUST117','Male',19,'18-27'),(119,'CUST118','Female',30,'28-37'),(120,'CUST119','Female',60,'58+'),(121,'CUST120','Male',60,'58+'),(122,'CUST121','Female',28,'28-37'),(123,'CUST122','Male',64,'58+'),(124,'CUST123','Female',40,'38-47'),(125,'CUST124','Male',33,'28-37'),(126,'CUST125','Male',48,'48-57'),(127,'CUST126','Female',28,'28-37'),(128,'CUST127','Female',33,'28-37'),(129,'CUST128','Male',25,'18-27'),(130,'CUST129','Female',21,'18-27'),(131,'CUST130','Female',57,'48-57'),(132,'CUST131','Female',21,'18-27'),(133,'CUST132','Male',42,'38-47'),(134,'CUST133','Male',20,'18-27'),(135,'CUST134','Male',49,'48-57'),(136,'CUST135','Male',20,'18-27'),(137,'CUST136','Male',44,'38-47'),(138,'CUST137','Male',46,'38-47'),(139,'CUST138','Male',49,'48-57'),(140,'CUST139','Male',36,'28-37'),(141,'CUST140','Male',38,'38-47'),(142,'CUST141','Female',22,'18-27'),(143,'CUST142','Male',35,'28-37'),(144,'CUST143','Female',45,'38-47'),(145,'CUST144','Female',59,'58+'),(146,'CUST145','Female',39,'38-47'),(147,'CUST146','Male',38,'38-47'),(148,'CUST147','Male',23,'18-27'),(149,'CUST148','Male',18,'18-27'),(150,'CUST149','Male',22,'18-27'),(151,'CUST150','Female',58,'58+'),(152,'CUST151','Male',29,'28-37'),(153,'CUST152','Male',43,'38-47'),(154,'CUST153','Male',63,'58+'),(155,'CUST154','Male',51,'48-57'),(156,'CUST155','Male',31,'28-37'),(157,'CUST156','Female',43,'38-47'),(158,'CUST157','Male',62,'58+'),(159,'CUST158','Female',44,'38-47'),(160,'CUST159','Male',26,'18-27'),(161,'CUST160','Female',43,'38-47'),(162,'CUST161','Male',64,'58+'),(163,'CUST162','Male',39,'38-47'),(164,'CUST163','Female',64,'58+'),(165,'CUST164','Female',47,'38-47'),(166,'CUST165','Female',60,'58+'),(167,'CUST166','Male',34,'28-37'),(168,'CUST167','Female',43,'38-47'),(169,'CUST168','Male',53,'48-57'),(170,'CUST169','Male',18,'18-27'),(171,'CUST170','Female',25,'18-27'),(172,'CUST171','Female',52,'48-57'),(173,'CUST172','Male',32,'28-37'),(174,'CUST173','Male',64,'58+'),(175,'CUST174','Female',39,'38-47'),(176,'CUST175','Female',31,'28-37'),(177,'CUST176','Female',43,'38-47'),(178,'CUST177','Male',45,'38-47'),(179,'CUST178','Male',40,'38-47'),(180,'CUST179','Male',31,'28-37'),(181,'CUST180','Male',41,'38-47'),(182,'CUST181','Male',19,'18-27'),(183,'CUST182','Male',62,'58+'),(184,'CUST183','Female',43,'38-47'),(185,'CUST184','Male',31,'28-37'),(186,'CUST185','Male',24,'18-27'),(187,'CUST186','Male',20,'18-27'),(188,'CUST187','Female',64,'58+'),(189,'CUST188','Male',40,'38-47'),(190,'CUST189','Male',63,'58+'),(191,'CUST190','Female',60,'58+'),(192,'CUST191','Male',64,'58+'),(193,'CUST192','Male',62,'58+'),(194,'CUST193','Male',35,'28-37'),(195,'CUST194','Male',55,'48-57'),(196,'CUST195','Male',52,'48-57'),(197,'CUST196','Female',32,'28-37'),(198,'CUST197','Female',42,'38-47'),(199,'CUST198','Female',54,'48-57'),(200,'CUST199','Male',45,'38-47'),(201,'CUST200','Male',27,'18-27'),(202,'CUST201','Male',56,'48-57'),(203,'CUST202','Female',34,'28-37'),(204,'CUST203','Male',56,'48-57'),(205,'CUST204','Male',39,'38-47'),(206,'CUST205','Female',43,'38-47'),(207,'CUST206','Male',61,'58+'),(208,'CUST207','Female',42,'38-47'),(209,'CUST208','Female',34,'28-37'),(210,'CUST209','Female',30,'28-37'),(211,'CUST210','Male',37,'28-37'),(212,'CUST211','Male',42,'38-47'),(213,'CUST212','Male',21,'18-27'),(214,'CUST213','Male',27,'18-27'),(215,'CUST214','Male',20,'18-27'),(216,'CUST215','Male',58,'58+'),(217,'CUST216','Male',62,'58+'),(218,'CUST217','Female',35,'28-37'),(219,'CUST218','Male',64,'58+'),(220,'CUST219','Female',53,'48-57'),(221,'CUST220','Male',64,'58+'),(222,'CUST221','Male',39,'38-47'),(223,'CUST222','Male',51,'48-57'),(224,'CUST223','Female',64,'58+'),(225,'CUST224','Female',25,'18-27'),(226,'CUST225','Female',57,'48-57'),(227,'CUST226','Female',61,'58+'),(228,'CUST227','Male',36,'28-37'),(229,'CUST228','Female',59,'58+'),(230,'CUST229','Male',58,'58+'),(231,'CUST230','Male',54,'48-57'),(232,'CUST231','Female',23,'18-27'),(233,'CUST232','Female',43,'38-47'),(234,'CUST233','Female',51,'48-57'),(235,'CUST234','Female',62,'58+'),(236,'CUST235','Female',23,'18-27'),(237,'CUST236','Female',54,'48-57'),(238,'CUST237','Female',50,'48-57'),(239,'CUST238','Female',39,'38-47'),(240,'CUST239','Male',38,'38-47'),(241,'CUST240','Female',23,'18-27'),(242,'CUST241','Female',23,'18-27'),(243,'CUST242','Male',21,'18-27'),(244,'CUST243','Female',47,'38-47'),(245,'CUST244','Male',28,'28-37'),(246,'CUST245','Male',47,'38-47'),(247,'CUST246','Female',48,'48-57'),(248,'CUST247','Male',41,'38-47'),(249,'CUST248','Male',26,'18-27'),(250,'CUST249','Male',20,'18-27'),(251,'CUST250','Male',48,'48-57'),(252,'CUST251','Female',57,'48-57'),(253,'CUST252','Male',54,'48-57'),(254,'CUST253','Female',53,'48-57'),(255,'CUST254','Male',41,'38-47'),(256,'CUST255','Male',48,'48-57'),(257,'CUST256','Male',23,'18-27'),(258,'CUST257','Male',19,'18-27'),(259,'CUST258','Female',37,'28-37'),(260,'CUST259','Female',45,'38-47'),(261,'CUST260','Male',28,'28-37'),(262,'CUST261','Male',21,'18-27'),(263,'CUST262','Female',32,'28-37'),(264,'CUST263','Male',23,'18-27'),(265,'CUST264','Male',47,'38-47'),(266,'CUST265','Male',55,'48-57'),(267,'CUST266','Female',19,'18-27'),(268,'CUST267','Female',32,'28-37'),(269,'CUST268','Female',28,'28-37'),(270,'CUST269','Male',25,'18-27'),(271,'CUST270','Male',43,'38-47'),(272,'CUST271','Female',62,'58+'),(273,'CUST272','Female',61,'58+'),(274,'CUST273','Female',22,'18-27'),(275,'CUST274','Female',23,'18-27'),(276,'CUST275','Male',43,'38-47'),(277,'CUST276','Female',21,'18-27'),(278,'CUST277','Male',36,'28-37'),(279,'CUST278','Female',37,'28-37'),(280,'CUST279','Male',50,'48-57'),(281,'CUST280','Female',37,'28-37'),(282,'CUST281','Female',29,'28-37'),(283,'CUST282','Female',64,'58+'),(284,'CUST283','Female',18,'18-27'),(285,'CUST284','Male',43,'38-47'),(286,'CUST285','Female',31,'28-37'),(287,'CUST286','Male',55,'48-57'),(288,'CUST287','Male',54,'48-57'),(289,'CUST288','Male',28,'28-37'),(290,'CUST289','Male',53,'48-57'),(291,'CUST290','Female',30,'28-37'),(292,'CUST291','Male',60,'58+'),(293,'CUST292','Male',20,'18-27'),(294,'CUST293','Male',50,'48-57'),(295,'CUST294','Female',23,'18-27'),(296,'CUST295','Female',27,'18-27'),(297,'CUST296','Female',22,'18-27'),(298,'CUST297','Female',40,'38-47'),(299,'CUST298','Male',27,'18-27'),(300,'CUST299','Male',61,'58+'),(301,'CUST300','Female',19,'18-27'),(302,'CUST301','Male',30,'28-37'),(303,'CUST302','Male',57,'48-57'),(304,'CUST303','Male',19,'18-27'),(305,'CUST304','Female',37,'28-37'),(306,'CUST305','Female',18,'18-27'),(307,'CUST306','Male',54,'48-57'),(308,'CUST307','Female',26,'18-27'),(309,'CUST308','Female',34,'28-37'),(310,'CUST309','Female',26,'18-27'),(311,'CUST310','Female',28,'28-37'),(312,'CUST311','Female',32,'28-37'),(313,'CUST312','Male',41,'38-47'),(314,'CUST313','Female',55,'48-57'),(315,'CUST314','Male',52,'48-57'),(316,'CUST315','Male',47,'38-47'),(317,'CUST316','Female',48,'48-57'),(318,'CUST317','Male',22,'18-27'),(319,'CUST318','Male',61,'58+'),(320,'CUST319','Male',31,'28-37'),(321,'CUST320','Female',28,'28-37'),(322,'CUST321','Female',26,'18-27'),(323,'CUST322','Male',51,'48-57'),(324,'CUST323','Female',29,'28-37'),(325,'CUST324','Female',52,'48-57'),(326,'CUST325','Female',52,'48-57'),(327,'CUST326','Female',18,'18-27'),(328,'CUST327','Male',57,'48-57'),(329,'CUST328','Male',39,'38-47'),(330,'CUST329','Female',46,'38-47'),(331,'CUST330','Female',25,'18-27'),(332,'CUST331','Male',28,'28-37'),(333,'CUST332','Male',58,'58+'),(334,'CUST333','Female',54,'48-57'),(335,'CUST334','Male',31,'28-37'),(336,'CUST335','Female',47,'38-47'),(337,'CUST336','Female',52,'48-57'),(338,'CUST337','Male',38,'38-47'),(339,'CUST338','Male',54,'48-57'),(340,'CUST339','Female',22,'18-27'),(341,'CUST340','Female',36,'28-37'),(342,'CUST341','Male',31,'28-37'),(343,'CUST342','Female',43,'38-47'),(344,'CUST343','Male',21,'18-27'),(345,'CUST344','Female',42,'38-47'),(346,'CUST345','Male',62,'58+'),(347,'CUST346','Male',59,'58+'),(348,'CUST347','Male',42,'38-47'),(349,'CUST348','Female',35,'28-37'),(350,'CUST349','Female',57,'48-57'),(351,'CUST350','Male',25,'18-27'),(352,'CUST351','Female',56,'48-57'),(353,'CUST352','Male',57,'48-57'),(354,'CUST353','Male',31,'28-37'),(355,'CUST354','Female',49,'48-57'),(356,'CUST355','Female',55,'48-57'),(357,'CUST356','Male',50,'48-57'),(358,'CUST357','Female',40,'38-47'),(359,'CUST358','Female',32,'28-37'),(360,'CUST359','Male',50,'48-57'),(361,'CUST360','Male',42,'38-47'),(362,'CUST361','Female',34,'28-37'),(363,'CUST362','Male',50,'48-57'),(364,'CUST363','Male',64,'58+'),(365,'CUST364','Female',19,'18-27'),(366,'CUST365','Male',31,'28-37'),(367,'CUST366','Male',57,'48-57'),(368,'CUST367','Female',57,'48-57'),(369,'CUST368','Female',56,'48-57'),(370,'CUST369','Male',23,'18-27'),(371,'CUST370','Male',23,'18-27'),(372,'CUST371','Female',20,'18-27'),(373,'CUST372','Female',24,'18-27'),(374,'CUST373','Female',25,'18-27'),(375,'CUST374','Female',59,'58+'),(376,'CUST375','Male',32,'28-37'),(377,'CUST376','Female',64,'58+'),(378,'CUST377','Female',46,'38-47'),(379,'CUST378','Male',50,'48-57'),(380,'CUST379','Female',47,'38-47'),(381,'CUST380','Male',56,'48-57'),(382,'CUST381','Female',44,'38-47'),(383,'CUST382','Female',53,'48-57'),(384,'CUST383','Female',46,'38-47'),(385,'CUST384','Male',55,'48-57'),(386,'CUST385','Male',50,'48-57'),(387,'CUST386','Female',54,'48-57'),(388,'CUST387','Male',44,'38-47'),(389,'CUST388','Male',50,'48-57'),(390,'CUST389','Male',21,'18-27'),(391,'CUST390','Male',39,'38-47'),(392,'CUST391','Male',19,'18-27'),(393,'CUST392','Male',27,'18-27'),(394,'CUST393','Female',22,'18-27'),(395,'CUST394','Female',27,'18-27'),(396,'CUST395','Male',50,'48-57'),(397,'CUST396','Female',55,'48-57'),(398,'CUST397','Female',30,'28-37'),(399,'CUST398','Female',48,'48-57'),(400,'CUST399','Female',64,'58+'),(401,'CUST400','Male',53,'48-57'),(402,'CUST401','Female',62,'58+'),(403,'CUST402','Female',41,'38-47'),(404,'CUST403','Male',32,'28-37'),(405,'CUST404','Male',46,'38-47'),(406,'CUST405','Female',25,'18-27'),(407,'CUST406','Female',22,'18-27'),(408,'CUST407','Female',46,'38-47'),(409,'CUST408','Female',64,'58+'),(410,'CUST409','Female',21,'18-27'),(411,'CUST410','Female',29,'28-37'),(412,'CUST411','Male',62,'58+'),(413,'CUST412','Female',19,'18-27'),(414,'CUST413','Female',44,'38-47'),(415,'CUST414','Male',48,'48-57'),(416,'CUST415','Male',53,'48-57'),(417,'CUST416','Male',53,'48-57'),(418,'CUST417','Male',43,'38-47'),(419,'CUST418','Female',60,'58+'),(420,'CUST419','Female',44,'38-47'),(421,'CUST420','Female',22,'18-27'),(422,'CUST421','Female',37,'28-37'),(423,'CUST422','Female',28,'28-37'),(424,'CUST423','Female',27,'18-27'),(425,'CUST424','Male',57,'48-57'),(426,'CUST425','Female',55,'48-57'),(427,'CUST426','Male',23,'18-27'),(428,'CUST427','Male',25,'18-27'),(429,'CUST428','Female',40,'38-47'),(430,'CUST429','Male',64,'58+'),(431,'CUST430','Female',43,'38-47'),(432,'CUST431','Male',63,'58+'),(433,'CUST432','Female',60,'58+'),(434,'CUST433','Male',29,'28-37'),(435,'CUST434','Female',43,'38-47'),(436,'CUST435','Female',30,'28-37'),(437,'CUST436','Female',57,'48-57'),(438,'CUST437','Female',35,'28-37'),(439,'CUST438','Female',42,'38-47'),(440,'CUST439','Male',50,'48-57'),(441,'CUST440','Male',64,'58+'),(442,'CUST441','Male',57,'48-57'),(443,'CUST442','Female',60,'58+'),(444,'CUST443','Male',29,'28-37'),(445,'CUST444','Female',61,'58+'),(446,'CUST445','Female',53,'48-57'),(447,'CUST446','Male',21,'18-27'),(448,'CUST447','Male',22,'18-27'),(449,'CUST448','Female',54,'48-57'),(450,'CUST449','Male',25,'18-27'),(451,'CUST450','Female',59,'58+'),(452,'CUST451','Female',45,'38-47'),(453,'CUST452','Female',48,'48-57'),(454,'CUST453','Female',26,'18-27'),(455,'CUST454','Female',46,'38-47'),(456,'CUST455','Male',31,'28-37'),(457,'CUST456','Male',57,'48-57'),(458,'CUST457','Female',58,'58+'),(459,'CUST458','Female',39,'38-47'),(460,'CUST459','Male',28,'28-37'),(461,'CUST460','Male',40,'38-47'),(462,'CUST461','Female',18,'18-27'),(463,'CUST462','Male',63,'58+'),(464,'CUST463','Female',54,'48-57'),(465,'CUST464','Male',38,'38-47'),(466,'CUST465','Female',43,'38-47'),(467,'CUST466','Male',63,'58+'),(468,'CUST467','Female',53,'48-57'),(469,'CUST468','Male',40,'38-47'),(470,'CUST469','Male',18,'18-27'),(471,'CUST470','Female',57,'48-57'),(472,'CUST471','Male',32,'28-37'),(473,'CUST472','Female',38,'38-47'),(474,'CUST473','Male',64,'58+'),(475,'CUST474','Female',26,'18-27'),(476,'CUST475','Male',26,'18-27'),(477,'CUST476','Female',27,'18-27'),(478,'CUST477','Male',43,'38-47'),(479,'CUST478','Female',58,'58+'),(480,'CUST479','Male',52,'48-57'),(481,'CUST480','Female',42,'38-47'),(482,'CUST481','Female',43,'38-47'),(483,'CUST482','Female',28,'28-37'),(484,'CUST483','Male',55,'48-57'),(485,'CUST484','Female',19,'18-27'),(486,'CUST485','Male',24,'18-27'),(487,'CUST486','Female',35,'28-37'),(488,'CUST487','Male',44,'38-47'),(489,'CUST488','Female',51,'48-57'),(490,'CUST489','Male',44,'38-47'),(491,'CUST490','Male',34,'28-37'),(492,'CUST491','Female',60,'58+'),(493,'CUST492','Male',61,'58+'),(494,'CUST493','Male',41,'38-47'),(495,'CUST494','Female',42,'38-47'),(496,'CUST495','Male',24,'18-27'),(497,'CUST496','Male',23,'18-27'),(498,'CUST497','Male',41,'38-47'),(499,'CUST498','Female',50,'48-57'),(500,'CUST499','Male',46,'38-47'),(501,'CUST500','Female',60,'58+'),(502,'CUST501','Male',39,'38-47'),(503,'CUST502','Male',43,'38-47'),(504,'CUST503','Male',45,'38-47'),(505,'CUST504','Female',38,'38-47'),(506,'CUST505','Male',24,'18-27'),(507,'CUST506','Male',34,'28-37'),(508,'CUST507','Female',37,'28-37'),(509,'CUST508','Male',58,'58+'),(510,'CUST509','Female',37,'28-37'),(511,'CUST510','Female',39,'38-47'),(512,'CUST511','Male',45,'38-47'),(513,'CUST512','Female',57,'48-57'),(514,'CUST513','Male',24,'18-27'),(515,'CUST514','Female',18,'18-27'),(516,'CUST515','Female',49,'48-57'),(517,'CUST516','Male',30,'28-37'),(518,'CUST517','Female',47,'38-47'),(519,'CUST518','Female',40,'38-47'),(520,'CUST519','Female',36,'28-37'),(521,'CUST520','Female',49,'48-57'),(522,'CUST521','Female',47,'38-47'),(523,'CUST522','Male',46,'38-47'),(524,'CUST523','Female',62,'58+'),(525,'CUST524','Male',46,'38-47'),(526,'CUST525','Female',47,'38-47'),(527,'CUST526','Male',33,'28-37'),(528,'CUST527','Male',57,'48-57'),(529,'CUST528','Female',36,'28-37'),(530,'CUST529','Female',35,'28-37'),(531,'CUST530','Female',18,'18-27'),(532,'CUST531','Male',31,'28-37'),(533,'CUST532','Female',64,'58+'),(534,'CUST533','Male',19,'18-27'),(535,'CUST534','Male',45,'38-47'),(536,'CUST535','Male',47,'38-47'),(537,'CUST536','Female',55,'48-57'),(538,'CUST537','Female',21,'18-27'),(539,'CUST538','Male',18,'18-27'),(540,'CUST539','Male',25,'18-27'),(541,'CUST540','Female',46,'38-47'),(542,'CUST541','Male',56,'48-57'),(543,'CUST542','Female',20,'18-27'),(544,'CUST543','Male',49,'48-57'),(545,'CUST544','Female',27,'18-27'),(546,'CUST545','Male',27,'18-27'),(547,'CUST546','Female',36,'28-37'),(548,'CUST547','Male',63,'58+'),(549,'CUST548','Female',51,'48-57'),(550,'CUST549','Female',50,'48-57'),(551,'CUST550','Male',40,'38-47'),(552,'CUST551','Male',45,'38-47'),(553,'CUST552','Female',49,'48-57'),(554,'CUST553','Male',24,'18-27'),(555,'CUST554','Female',46,'38-47'),(556,'CUST555','Male',25,'18-27'),(557,'CUST556','Female',18,'18-27'),(558,'CUST557','Female',20,'18-27'),(559,'CUST558','Female',41,'38-47'),(560,'CUST559','Female',40,'38-47'),(561,'CUST560','Female',25,'18-27'),(562,'CUST561','Female',64,'58+'),(563,'CUST562','Male',54,'48-57'),(564,'CUST563','Male',20,'18-27'),(565,'CUST564','Male',50,'48-57'),(566,'CUST565','Female',45,'38-47'),(567,'CUST566','Female',64,'58+'),(568,'CUST567','Female',25,'18-27'),(569,'CUST568','Female',51,'48-57'),(570,'CUST569','Male',52,'48-57'),(571,'CUST570','Male',49,'48-57'),(572,'CUST571','Female',41,'38-47'),(573,'CUST572','Male',31,'28-37'),(574,'CUST573','Male',49,'48-57'),(575,'CUST574','Female',63,'58+'),(576,'CUST575','Male',60,'58+'),(577,'CUST576','Female',33,'28-37'),(578,'CUST577','Male',21,'18-27'),(579,'CUST578','Female',54,'48-57'),(580,'CUST579','Female',38,'38-47'),(581,'CUST580','Female',31,'28-37'),(582,'CUST581','Female',48,'48-57'),(583,'CUST582','Male',35,'28-37'),(584,'CUST583','Female',24,'18-27'),(585,'CUST584','Female',27,'18-27'),(586,'CUST585','Female',24,'18-27'),(587,'CUST586','Male',50,'48-57'),(588,'CUST587','Female',40,'38-47'),(589,'CUST588','Male',38,'38-47'),(590,'CUST589','Female',36,'28-37'),(591,'CUST590','Male',36,'28-37'),(592,'CUST591','Male',53,'48-57'),(593,'CUST592','Female',46,'38-47'),(594,'CUST593','Male',35,'28-37'),(595,'CUST594','Female',19,'18-27'),(596,'CUST595','Female',18,'18-27'),(597,'CUST596','Female',64,'58+'),(598,'CUST597','Male',22,'18-27'),(599,'CUST598','Male',37,'28-37'),(600,'CUST599','Female',28,'28-37'),(601,'CUST600','Female',59,'58+'),(602,'CUST601','Male',19,'18-27'),(603,'CUST602','Female',20,'18-27'),(604,'CUST603','Female',40,'38-47'),(605,'CUST604','Female',29,'28-37'),(606,'CUST605','Male',37,'28-37'),(607,'CUST606','Male',22,'18-27'),(608,'CUST607','Male',54,'48-57'),(609,'CUST608','Female',55,'48-57'),(610,'CUST609','Female',47,'38-47'),(611,'CUST610','Female',26,'18-27'),(612,'CUST611','Male',51,'48-57'),(613,'CUST612','Female',61,'58+'),(614,'CUST613','Female',52,'48-57'),(615,'CUST614','Female',39,'38-47'),(616,'CUST615','Female',61,'58+'),(617,'CUST616','Male',41,'38-47'),(618,'CUST617','Male',34,'28-37'),(619,'CUST618','Female',27,'18-27'),(620,'CUST619','Male',47,'38-47'),(621,'CUST620','Male',63,'58+'),(622,'CUST621','Female',40,'38-47'),(623,'CUST622','Female',49,'48-57'),(624,'CUST623','Male',34,'28-37'),(625,'CUST624','Female',34,'28-37'),(626,'CUST625','Male',31,'28-37'),(627,'CUST626','Female',26,'18-27'),(628,'CUST627','Male',57,'48-57'),(629,'CUST628','Female',19,'18-27'),(630,'CUST629','Male',62,'58+'),(631,'CUST630','Male',42,'38-47'),(632,'CUST631','Male',56,'48-57'),(633,'CUST632','Female',26,'18-27'),(634,'CUST633','Male',39,'38-47'),(635,'CUST634','Male',60,'58+'),(636,'CUST635','Female',63,'58+'),(637,'CUST636','Female',21,'18-27'),(638,'CUST637','Male',43,'38-47'),(639,'CUST638','Male',46,'38-47'),(640,'CUST639','Female',62,'58+'),(641,'CUST640','Female',51,'48-57'),(642,'CUST641','Female',40,'38-47'),(643,'CUST642','Female',54,'48-57'),(644,'CUST643','Female',28,'28-37'),(645,'CUST644','Male',23,'18-27'),(646,'CUST645','Female',35,'28-37'),(647,'CUST646','Male',38,'38-47'),(648,'CUST647','Male',59,'58+'),(649,'CUST648','Male',53,'48-57'),(650,'CUST649','Female',58,'58+'),(651,'CUST650','Male',55,'48-57'),(652,'CUST651','Male',51,'48-57'),(653,'CUST652','Female',34,'28-37'),(654,'CUST653','Male',54,'48-57'),(655,'CUST654','Male',42,'38-47'),(656,'CUST655','Female',55,'48-57'),(657,'CUST656','Male',29,'28-37'),(658,'CUST657','Male',40,'38-47'),(659,'CUST658','Male',59,'58+'),(660,'CUST659','Female',39,'38-47'),(661,'CUST660','Female',38,'38-47'),(662,'CUST661','Female',44,'38-47'),(663,'CUST662','Male',48,'48-57'),(664,'CUST663','Male',23,'18-27'),(665,'CUST664','Female',44,'38-47'),(666,'CUST665','Male',57,'48-57'),(667,'CUST666','Male',51,'48-57'),(668,'CUST667','Female',29,'28-37'),(669,'CUST668','Female',62,'58+'),(670,'CUST669','Male',24,'18-27'),(671,'CUST670','Male',27,'18-27'),(672,'CUST671','Male',62,'58+'),(673,'CUST672','Female',34,'28-37'),(674,'CUST673','Female',43,'38-47'),(675,'CUST674','Female',38,'38-47'),(676,'CUST675','Female',45,'38-47'),(677,'CUST676','Male',63,'58+'),(678,'CUST677','Female',19,'18-27'),(679,'CUST678','Female',60,'58+'),(680,'CUST679','Female',18,'18-27'),(681,'CUST680','Female',53,'48-57'),(682,'CUST681','Female',43,'38-47'),(683,'CUST682','Male',46,'38-47'),(684,'CUST683','Male',38,'38-47'),(685,'CUST684','Female',28,'28-37'),(686,'CUST685','Male',57,'48-57'),(687,'CUST686','Female',28,'28-37'),(688,'CUST687','Female',53,'48-57'),(689,'CUST688','Male',56,'48-57'),(690,'CUST689','Male',57,'48-57'),(691,'CUST690','Female',52,'48-57'),(692,'CUST691','Female',51,'48-57'),(693,'CUST692','Female',64,'58+'),(694,'CUST693','Male',41,'38-47'),(695,'CUST694','Female',39,'38-47'),(696,'CUST695','Female',22,'18-27'),(697,'CUST696','Female',50,'48-57'),(698,'CUST697','Male',53,'48-57'),(699,'CUST698','Female',64,'58+'),(700,'CUST699','Female',37,'28-37'),(701,'CUST700','Male',36,'28-37'),(702,'CUST701','Female',52,'48-57'),(703,'CUST702','Female',60,'58+'),(704,'CUST703','Male',34,'28-37'),(705,'CUST704','Female',62,'58+'),(706,'CUST705','Male',60,'58+'),(707,'CUST706','Male',51,'48-57'),(708,'CUST707','Female',26,'18-27'),(709,'CUST708','Female',43,'38-47'),(710,'CUST709','Female',19,'18-27'),(711,'CUST710','Female',26,'18-27'),(712,'CUST711','Male',26,'18-27'),(713,'CUST712','Female',57,'48-57'),(714,'CUST713','Male',34,'28-37'),(715,'CUST714','Female',18,'18-27'),(716,'CUST715','Female',42,'38-47'),(717,'CUST716','Female',60,'58+'),(718,'CUST717','Male',57,'48-57'),(719,'CUST718','Female',59,'58+'),(720,'CUST719','Female',42,'38-47'),(721,'CUST720','Female',56,'48-57'),(722,'CUST721','Female',52,'48-57'),(723,'CUST722','Male',20,'18-27'),(724,'CUST723','Female',54,'48-57'),(725,'CUST724','Male',61,'58+'),(726,'CUST725','Male',61,'58+'),(727,'CUST726','Male',47,'38-47'),(728,'CUST727','Male',55,'48-57'),(729,'CUST728','Male',51,'48-57'),(730,'CUST729','Male',29,'28-37'),(731,'CUST730','Female',36,'28-37'),(732,'CUST731','Male',54,'48-57'),(733,'CUST732','Male',61,'58+'),(734,'CUST733','Male',34,'28-37'),(735,'CUST734','Female',27,'18-27'),(736,'CUST735','Female',64,'58+'),(737,'CUST736','Male',29,'28-37'),(738,'CUST737','Female',33,'28-37'),(739,'CUST738','Male',41,'38-47'),(740,'CUST739','Male',36,'28-37'),(741,'CUST740','Female',25,'18-27'),(742,'CUST741','Male',48,'48-57'),(743,'CUST742','Female',38,'38-47'),(744,'CUST743','Female',34,'28-37'),(745,'CUST744','Male',40,'38-47'),(746,'CUST745','Male',54,'48-57'),(747,'CUST746','Female',33,'28-37'),(748,'CUST747','Male',23,'18-27'),(749,'CUST748','Male',25,'18-27'),(750,'CUST749','Male',42,'38-47'),(751,'CUST750','Female',35,'28-37'),(752,'CUST751','Female',42,'38-47'),(753,'CUST752','Male',29,'28-37'),(754,'CUST753','Female',32,'28-37'),(755,'CUST754','Female',43,'38-47'),(756,'CUST755','Female',58,'58+'),(757,'CUST756','Female',62,'58+'),(758,'CUST757','Female',43,'38-47'),(759,'CUST758','Male',64,'58+'),(760,'CUST759','Male',49,'48-57'),(761,'CUST760','Male',27,'18-27'),(762,'CUST761','Female',33,'28-37'),(763,'CUST762','Female',24,'18-27'),(764,'CUST763','Male',34,'28-37'),(765,'CUST764','Female',40,'38-47'),(766,'CUST765','Male',43,'38-47'),(767,'CUST766','Male',38,'38-47'),(768,'CUST767','Male',39,'38-47'),(769,'CUST768','Female',24,'18-27'),(770,'CUST769','Female',31,'28-37'),(771,'CUST770','Male',32,'28-37'),(772,'CUST771','Male',24,'18-27'),(773,'CUST772','Male',26,'18-27'),(774,'CUST773','Male',25,'18-27'),(775,'CUST774','Female',40,'38-47'),(776,'CUST775','Female',46,'38-47'),(777,'CUST776','Male',35,'28-37'),(778,'CUST777','Male',48,'48-57'),(779,'CUST778','Female',47,'38-47'),(780,'CUST779','Female',56,'48-57'),(781,'CUST780','Male',52,'48-57'),(782,'CUST781','Male',35,'28-37'),(783,'CUST782','Male',59,'58+'),(784,'CUST783','Female',56,'48-57'),(785,'CUST784','Female',34,'28-37'),(786,'CUST785','Female',31,'28-37'),(787,'CUST786','Male',48,'48-57'),(788,'CUST787','Male',41,'38-47'),(789,'CUST788','Female',52,'48-57'),(790,'CUST789','Female',61,'58+'),(791,'CUST790','Male',62,'58+'),(792,'CUST791','Female',51,'48-57'),(793,'CUST792','Female',20,'18-27'),(794,'CUST793','Male',54,'48-57'),(795,'CUST794','Female',60,'58+'),(796,'CUST795','Male',57,'48-57'),(797,'CUST796','Male',43,'38-47'),(798,'CUST797','Male',40,'38-47'),(799,'CUST798','Male',61,'58+'),(800,'CUST799','Male',56,'48-57'),(801,'CUST800','Male',32,'28-37'),(802,'CUST801','Male',21,'18-27'),(803,'CUST802','Female',46,'38-47'),(804,'CUST803','Male',39,'38-47'),(805,'CUST804','Male',42,'38-47'),(806,'CUST805','Female',30,'28-37'),(807,'CUST806','Female',35,'28-37'),(808,'CUST807','Female',50,'48-57'),(809,'CUST808','Male',33,'28-37'),(810,'CUST809','Female',62,'58+'),(811,'CUST810','Male',59,'58+'),(812,'CUST811','Male',61,'58+'),(813,'CUST812','Male',19,'18-27'),(814,'CUST813','Male',52,'48-57'),(815,'CUST814','Female',59,'58+'),(816,'CUST815','Female',51,'48-57'),(817,'CUST816','Male',47,'38-47'),(818,'CUST817','Male',30,'28-37'),(819,'CUST818','Male',30,'28-37'),(820,'CUST819','Female',35,'28-37'),(821,'CUST820','Male',49,'48-57'),(822,'CUST821','Male',49,'48-57'),(823,'CUST822','Female',52,'48-57'),(824,'CUST823','Female',56,'48-57'),(825,'CUST824','Male',63,'58+'),(826,'CUST825','Female',46,'38-47'),(827,'CUST826','Female',46,'38-47'),(828,'CUST827','Male',61,'58+'),(829,'CUST828','Female',33,'28-37'),(830,'CUST829','Male',61,'58+'),(831,'CUST830','Female',64,'58+'),(832,'CUST831','Male',27,'18-27'),(833,'CUST832','Male',47,'38-47'),(834,'CUST833','Male',42,'38-47'),(835,'CUST834','Female',56,'48-57'),(836,'CUST835','Male',37,'28-37'),(837,'CUST836','Female',22,'18-27'),(838,'CUST837','Male',18,'18-27'),(839,'CUST838','Male',47,'38-47'),(840,'CUST839','Female',20,'18-27'),(841,'CUST840','Male',62,'58+'),(842,'CUST841','Male',31,'28-37'),(843,'CUST842','Female',47,'38-47'),(844,'CUST843','Male',21,'18-27'),(845,'CUST844','Male',35,'28-37'),(846,'CUST845','Male',54,'48-57'),(847,'CUST846','Male',42,'38-47'),(848,'CUST847','Female',18,'18-27'),(849,'CUST848','Female',63,'58+'),(850,'CUST849','Male',32,'28-37'),(851,'CUST850','Female',26,'18-27'),(852,'CUST851','Male',32,'28-37'),(853,'CUST852','Female',41,'38-47'),(854,'CUST853','Male',21,'18-27'),(855,'CUST854','Male',29,'28-37'),(856,'CUST855','Male',54,'48-57'),(857,'CUST856','Male',54,'48-57'),(858,'CUST857','Male',60,'58+'),(859,'CUST858','Male',23,'18-27'),(860,'CUST859','Female',56,'48-57'),(861,'CUST860','Male',63,'58+'),(862,'CUST861','Female',41,'38-47'),(863,'CUST862','Male',28,'28-37'),(864,'CUST863','Female',30,'28-37'),(865,'CUST864','Female',51,'48-57'),(866,'CUST865','Female',42,'38-47'),(867,'CUST866','Male',24,'18-27'),(868,'CUST867','Male',21,'18-27'),(869,'CUST868','Female',25,'18-27'),(870,'CUST869','Male',37,'28-37'),(871,'CUST870','Female',46,'38-47'),(872,'CUST871','Male',62,'58+'),(873,'CUST872','Female',63,'58+'),(874,'CUST873','Female',27,'18-27'),(875,'CUST874','Male',60,'58+'),(876,'CUST875','Female',51,'48-57'),(877,'CUST876','Male',43,'38-47'),(878,'CUST877','Female',58,'58+'),(879,'CUST878','Female',20,'18-27'),(880,'CUST879','Male',23,'18-27'),(881,'CUST880','Male',22,'18-27'),(882,'CUST881','Male',22,'18-27'),(883,'CUST882','Female',64,'58+'),(884,'CUST883','Male',40,'38-47'),(885,'CUST884','Female',26,'18-27'),(886,'CUST885','Female',52,'48-57'),(887,'CUST886','Male',37,'28-37'),(888,'CUST887','Male',59,'58+'),(889,'CUST888','Female',52,'48-57'),(890,'CUST889','Female',35,'28-37'),(891,'CUST890','Male',34,'28-37'),(892,'CUST891','Male',41,'38-47'),(893,'CUST892','Male',20,'18-27'),(894,'CUST893','Male',49,'48-57'),(895,'CUST894','Male',52,'48-57'),(896,'CUST895','Female',55,'48-57'),(897,'CUST896','Female',30,'28-37'),(898,'CUST897','Female',64,'58+'),(899,'CUST898','Female',42,'38-47'),(900,'CUST899','Male',26,'18-27'),(901,'CUST900','Male',21,'18-27'),(902,'CUST901','Male',31,'28-37'),(903,'CUST902','Female',54,'48-57'),(904,'CUST903','Female',51,'48-57'),(905,'CUST904','Male',28,'28-37'),(906,'CUST905','Male',58,'58+'),(907,'CUST906','Female',20,'18-27'),(908,'CUST907','Female',45,'38-47'),(909,'CUST908','Male',46,'38-47'),(910,'CUST909','Male',26,'18-27'),(911,'CUST910','Female',20,'18-27'),(912,'CUST911','Male',42,'38-47'),(913,'CUST912','Male',51,'48-57'),(914,'CUST913','Male',29,'28-37'),(915,'CUST914','Female',59,'58+'),(916,'CUST915','Female',26,'18-27'),(917,'CUST916','Female',32,'28-37'),(918,'CUST917','Female',57,'48-57'),(919,'CUST918','Female',42,'38-47'),(920,'CUST919','Female',22,'18-27'),(921,'CUST920','Female',28,'28-37'),(922,'CUST921','Male',51,'48-57'),(923,'CUST922','Male',41,'38-47'),(924,'CUST923','Male',32,'28-37'),(925,'CUST924','Male',55,'48-57'),(926,'CUST925','Male',25,'18-27'),(927,'CUST926','Male',22,'18-27'),(928,'CUST927','Male',43,'38-47'),(929,'CUST928','Female',35,'28-37'),(930,'CUST929','Female',23,'18-27'),(931,'CUST930','Male',54,'48-57'),(932,'CUST931','Male',30,'28-37'),(933,'CUST932','Female',45,'38-47'),(934,'CUST933','Male',22,'18-27'),(935,'CUST934','Male',30,'28-37'),(936,'CUST935','Female',34,'28-37'),(937,'CUST936','Male',57,'48-57'),(938,'CUST937','Female',62,'58+'),(939,'CUST938','Male',49,'48-57'),(940,'CUST939','Female',46,'38-47'),(941,'CUST940','Female',20,'18-27'),(942,'CUST941','Female',57,'48-57'),(943,'CUST942','Male',51,'48-57'),(944,'CUST943','Female',57,'48-57'),(945,'CUST944','Male',44,'38-47'),(946,'CUST945','Male',30,'28-37'),(947,'CUST946','Male',62,'58+'),(948,'CUST947','Male',50,'48-57'),(949,'CUST948','Female',23,'18-27'),(950,'CUST949','Female',41,'38-47'),(951,'CUST950','Male',36,'28-37'),(952,'CUST951','Male',33,'28-37'),(953,'CUST952','Female',57,'48-57'),(954,'CUST953','Male',45,'38-47'),(955,'CUST954','Female',50,'48-57'),(956,'CUST955','Male',58,'58+'),(957,'CUST956','Male',30,'28-37'),(958,'CUST957','Female',60,'58+'),(959,'CUST958','Male',62,'58+'),(960,'CUST959','Female',42,'38-47'),(961,'CUST960','Male',59,'58+'),(962,'CUST961','Male',53,'48-57'),(963,'CUST962','Male',44,'38-47'),(964,'CUST963','Female',55,'48-57'),(965,'CUST964','Male',24,'18-27'),(966,'CUST965','Male',22,'18-27'),(967,'CUST966','Male',60,'58+'),(968,'CUST967','Male',62,'58+'),(969,'CUST968','Female',48,'48-57'),(970,'CUST969','Female',40,'38-47'),(971,'CUST970','Male',59,'58+'),(972,'CUST971','Female',27,'18-27'),(973,'CUST972','Male',49,'48-57'),(974,'CUST973','Male',60,'58+'),(975,'CUST974','Male',47,'38-47'),(976,'CUST975','Female',56,'48-57'),(977,'CUST976','Female',48,'48-57'),(978,'CUST977','Female',35,'28-37'),(979,'CUST978','Female',53,'48-57'),(980,'CUST979','Female',19,'18-27'),(981,'CUST980','Female',31,'28-37'),(982,'CUST981','Female',30,'28-37'),(983,'CUST982','Female',46,'38-47'),(984,'CUST983','Female',29,'28-37'),(985,'CUST984','Male',56,'48-57'),(986,'CUST985','Female',19,'18-27'),(987,'CUST986','Female',49,'48-57'),(988,'CUST987','Female',30,'28-37'),(989,'CUST988','Female',63,'58+'),(990,'CUST989','Female',44,'38-47'),(991,'CUST990','Female',58,'58+'),(992,'CUST991','Female',34,'28-37'),(993,'CUST992','Female',57,'48-57'),(994,'CUST993','Female',48,'48-57'),(995,'CUST994','Female',51,'48-57'),(996,'CUST995','Female',41,'38-47'),(997,'CUST996','Male',62,'58+'),(998,'CUST997','Male',52,'48-57'),(999,'CUST998','Female',23,'18-27'),(1000,'CUST999','Female',36,'28-37');
/*!40000 ALTER TABLE `dim_customer` ENABLE KEYS */;
UNLOCK TABLES;

--
-- Table structure for table `dim_date`
--

DROP TABLE IF EXISTS `dim_date`;
/*!40101 SET @saved_cs_client     = @@character_set_client */;
/*!50503 SET character_set_client = utf8mb4 */;
CREATE TABLE `dim_date` (
  `DateKey` bigint DEFAULT NULL,
  `Date` datetime DEFAULT NULL,
  `Year` int DEFAULT NULL,
  `Month` int DEFAULT NULL,
  `Month_Name` text,
  `Quarter` int DEFAULT NULL
) ENGINE=InnoDB DEFAULT CHARSET=utf8mb4 COLLATE=utf8mb4_0900_ai_ci;
/*!40101 SET character_set_client = @saved_cs_client */;

--
-- Dumping data for table `dim_date`
--

LOCK TABLES `dim_date` WRITE;
/*!40000 ALTER TABLE `dim_date` DISABLE KEYS */;
INSERT INTO `dim_date` VALUES (20230101,'2023-01-01 00:00:00',2023,1,'Jan',1),(20230102,'2023-01-02 00:00:00',2023,1,'Jan',1),(20230103,'2023-01-03 00:00:00',2023,1,'Jan',1),(20230104,'2023-01-04 00:00:00',2023,1,'Jan',1),(20230105,'2023-01-05 00:00:00',2023,1,'Jan',1),(20230106,'2023-01-06 00:00:00',2023,1,'Jan',1),(20230107,'2023-01-07 00:00:00',2023,1,'Jan',1),(20230108,'2023-01-08 00:00:00',2023,1,'Jan',1),(20230109,'2023-01-09 00:00:00',2023,1,'Jan',1),(20230110,'2023-01-10 00:00:00',2023,1,'Jan',1),(20230111,'2023-01-11 00:00:00',2023,1,'Jan',1),(20230113,'2023-01-13 00:00:00',2023,1,'Jan',1),(20230114,'2023-01-14 00:00:00',2023,1,'Jan',1),(20230115,'2023-01-15 00:00:00',2023,1,'Jan',1),(20230116,'2023-01-16 00:00:00',2023,1,'Jan',1),(20230117,'2023-01-17 00:00:00',2023,1,'Jan',1),(20230119,'2023-01-19 00:00:00',2023,1,'Jan',1),(20230120,'2023-01-20 00:00:00',2023,1,'Jan',1),(20230121,'2023-01-21 00:00:00',2023,1,'Jan',1),(20230122,'2023-01-22 00:00:00',2023,1,'Jan',1),(20230123,'2023-01-23 00:00:00',2023,1,'Jan',1),(20230124,'2023-01-24 00:00:00',2023,1,'Jan',1),(20230125,'2023-01-25 00:00:00',2023,1,'Jan',1),(20230126,'2023-01-26 00:00:00',2023,1,'Jan',1),(20230127,'2023-01-27 00:00:00',2023,1,'Jan',1),(20230128,'2023-01-28 00:00:00',2023,1,'Jan',1),(20230129,'2023-01-29 00:00:00',2023,1,'Jan',1),(20230130,'2023-01-30 00:00:00',2023,1,'Jan',1),(20230131,'2023-01-31 00:00:00',2023,1,'Jan',1),(20230201,'2023-02-01 00:00:00',2023,2,'Feb',1),(20230202,'2023-02-02 00:00:00',2023,2,'Feb',1),(20230203,'2023-02-03 00:00:00',2023,2,'Feb',1),(20230204,'2023-02-04 00:00:00',2023,2,'Feb',1),(20230205,'2023-02-05 00:00:00',2023,2,'Feb',1),(20230206,'2023-02-06 00:00:00',2023,2,'Feb',1),(20230207,'2023-02-07 00:00:00',2023,2,'Feb',1),(20230208,'2023-02-08 00:00:00',2023,2,'Feb',1),(20230209,'2023-02-09 00:00:00',2023,2,'Feb',1),(20230210,'2023-02-10 00:00:00',2023,2,'Feb',1),(20230211,'2023-02-11 00:00:00',2023,2,'Feb',1),(20230212,'2023-02-12 00:00:00',2023,2,'Feb',1),(20230213,'2023-02-13 00:00:00',2023,2,'Feb',1),(20230214,'2023-02-14 00:00:00',2023,2,'Feb',1),(20230216,'2023-02-16 00:00:00',2023,2,'Feb',1),(20230217,'2023-02-17 00:00:00',2023,2,'Feb',1),(20230218,'2023-02-18 00:00:00',2023,2,'Feb',1),(20230219,'2023-02-19 00:00:00',2023,2,'Feb',1),(20230220,'2023-02-20 00:00:00',2023,2,'Feb',1),(20230221,'2023-02-21 00:00:00',2023,2,'Feb',1),(20230222,'2023-02-22 00:00:00',2023,2,'Feb',1),(20230223,'2023-02-23 00:00:00',2023,2,'Feb',1),(20230224,'2023-02-24 00:00:00',2023,2,'Feb',1),(20230225,'2023-02-25 00:00:00',2023,2,'Feb',1),(20230226,'2023-02-26 00:00:00',2023,2,'Feb',1),(20230227,'2023-02-27 00:00:00',2023,2,'Feb',1),(20230228,'2023-02-28 00:00:00',2023,2,'Feb',1),(20230301,'2023-03-01 00:00:00',2023,3,'Mar',1),(20230302,'2023-03-02 00:00:00',2023,3,'Mar',1),(20230303,'2023-03-03 00:00:00',2023,3,'Mar',1),(20230304,'2023-03-04 00:00:00',2023,3,'Mar',1),(20230305,'2023-03-05 00:00:00',2023,3,'Mar',1),(20230306,'2023-03-06 00:00:00',2023,3,'Mar',1),(20230307,'2023-03-07 00:00:00',2023,3,'Mar',1),(20230308,'2023-03-08 00:00:00',2023,3,'Mar',1),(20230309,'2023-03-09 00:00:00',2023,3,'Mar',1),(20230310,'2023-03-10 00:00:00',2023,3,'Mar',1),(20230311,'2023-03-11 00:00:00',2023,3,'Mar',1),(20230312,'2023-03-12 00:00:00',2023,3,'Mar',1),(20230313,'2023-03-13 00:00:00',2023,3,'Mar',1),(20230315,'2023-03-15 00:00:00',2023,3,'Mar',1),(20230317,'2023-03-17 00:00:00',2023,3,'Mar',1),(20230318,'2023-03-18 00:00:00',2023,3,'Mar',1),(20230319,'2023-03-19 00:00:00',2023,3,'Mar',1),(20230320,'2023-03-20 00:00:00',2023,3,'Mar',1),(20230321,'2023-03-21 00:00:00',2023,3,'Mar',1),(20230322,'2023-03-22 00:00:00',2023,3,'Mar',1),(20230323,'2023-03-23 00:00:00',2023,3,'Mar',1),(20230324,'2023-03-24 00:00:00',2023,3,'Mar',1),(20230325,'2023-03-25 00:00:00',2023,3,'Mar',1),(20230326,'2023-03-26 00:00:00',2023,3,'Mar',1),(20230327,'2023-03-27 00:00:00',2023,3,'Mar',1),(20230328,'2023-03-28 00:00:00',2023,3,'Mar',1),(20230329,'2023-03-29 00:00:00',2023,3,'Mar',1),(20230330,'2023-03-30 00:00:00',2023,3,'Mar',1),(20230331,'2023-03-31 00:00:00',2023,3,'Mar',1),(20230401,'2023-04-01 00:00:00',2023,4,'Apr',2),(20230402,'2023-04-02 00:00:00',2023,4,'Apr',2),(20230404,'2023-04-04 00:00:00',2023,4,'Apr',2),(20230405,'2023-04-05 00:00:00',2023,4,'Apr',2),(20230406,'2023-04-06 00:00:00',2023,4,'Apr',2),(20230408,'2023-04-08 00:00:00',2023,4,'Apr',2),(20230409,'2023-04-09 00:00:00',2023,4,'Apr',2),(20230410,'2023-04-10 00:00:00',2023,4,'Apr',2),(20230411,'2023-04-11 00:00:00',2023,4,'Apr',2),(20230412,'2023-04-12 00:00:00',2023,4,'Apr',2),(20230413,'2023-04-13 00:00:00',2023,4,'Apr',2),(20230415,'2023-04-15 00:00:00',2023,4,'Apr',2),(20230416,'2023-04-16 00:00:00',2023,4,'Apr',2),(20230417,'2023-04-17 00:00:00',2023,4,'Apr',2),(20230418,'2023-04-18 00:00:00',2023,4,'Apr',2),(20230419,'2023-04-19 00:00:00',2023,4,'Apr',2),(20230420,'2023-04-20 00:00:00',2023,4,'Apr',2),(20230421,'2023-04-21 00:00:00',2023,4,'Apr',2),(20230422,'2023-04-22 00:00:00',2023,4,'Apr',2),(20230423,'2023-04-23 00:00:00',2023,4,'Apr',2),(20230424,'2023-04-24 00:00:00',2023,4,'Apr',2),(20230425,'2023-04-25 00:00:00',2023,4,'Apr',2),(20230426,'2023-04-26 00:00:00',2023,4,'Apr',2),(20230427,'2023-04-27 00:00:00',2023,4,'Apr',2),(20230428,'2023-04-28 00:00:00',2023,4,'Apr',2),(20230429,'2023-04-29 00:00:00',2023,4,'Apr',2),(20230430,'2023-04-30 00:00:00',2023,4,'Apr',2),(20230501,'2023-05-01 00:00:00',2023,5,'May',2),(20230502,'2023-05-02 00:00:00',2023,5,'May',2),(20230503,'2023-05-03 00:00:00',2023,5,'May',2),(20230504,'2023-05-04 00:00:00',2023,5,'May',2),(20230505,'2023-05-05 00:00:00',2023,5,'May',2),(20230506,'2023-05-06 00:00:00',2023,5,'May',2),(20230507,'2023-05-07 00:00:00',2023,5,'May',2),(20230508,'2023-05-08 00:00:00',2023,5,'May',2),(20230509,'2023-05-09 00:00:00',2023,5,'May',2),(20230510,'2023-05-10 00:00:00',2023,5,'May',2),(20230511,'2023-05-11 00:00:00',2023,5,'May',2),(20230512,'2023-05-12 00:00:00',2023,5,'May',2),(20230513,'2023-05-13 00:00:00',2023,5,'May',2),(20230514,'2023-05-14 00:00:00',2023,5,'May',2),(20230515,'2023-05-15 00:00:00',2023,5,'May',2),(20230516,'2023-05-16 00:00:00',2023,5,'May',2),(20230517,'2023-05-17 00:00:00',2023,5,'May',2),(20230518,'2023-05-18 00:00:00',2023,5,'May',2),(20230519,'2023-05-19 00:00:00',2023,5,'May',2),(20230520,'2023-05-20 00:00:00',2023,5,'May',2),(20230521,'2023-05-21 00:00:00',2023,5,'May',2),(20230522,'2023-05-22 00:00:00',2023,5,'May',2),(20230523,'2023-05-23 00:00:00',2023,5,'May',2),(20230524,'2023-05-24 00:00:00',2023,5,'May',2),(20230525,'2023-05-25 00:00:00',2023,5,'May',2),(20230526,'2023-05-26 00:00:00',2023,5,'May',2),(20230527,'2023-05-27 00:00:00',2023,5,'May',2),(20230528,'2023-05-28 00:00:00',2023,5,'May',2),(20230529,'2023-05-29 00:00:00',2023,5,'May',2),(20230530,'2023-05-30 00:00:00',2023,5,'May',2),(20230531,'2023-05-31 00:00:00',2023,5,'May',2),(20230601,'2023-06-01 00:00:00',2023,6,'Jun',2),(20230602,'2023-06-02 00:00:00',2023,6,'Jun',2),(20230603,'2023-06-03 00:00:00',2023,6,'Jun',2),(20230604,'2023-06-04 00:00:00',2023,6,'Jun',2),(20230605,'2023-06-05 00:00:00',2023,6,'Jun',2),(20230606,'2023-06-06 00:00:00',2023,6,'Jun',2),(20230607,'2023-06-07 00:00:00',2023,6,'Jun',2),(20230608,'2023-06-08 00:00:00',2023,6,'Jun',2),(20230609,'2023-06-09 00:00:00',2023,6,'Jun',2),(20230610,'2023-06-10 00:00:00',2023,6,'Jun',2),(20230611,'2023-06-11 00:00:00',2023,6,'Jun',2),(20230612,'2023-06-12 00:00:00',2023,6,'Jun',2),(20230613,'2023-06-13 00:00:00',2023,6,'Jun',2),(20230614,'2023-06-14 00:00:00',2023,6,'Jun',2),(20230615,'2023-06-15 00:00:00',2023,6,'Jun',2),(20230616,'2023-06-16 00:00:00',2023,6,'Jun',2),(20230617,'2023-06-17 00:00:00',2023,6,'Jun',2),(20230618,'2023-06-18 00:00:00',2023,6,'Jun',2),(20230619,'2023-06-19 00:00:00',2023,6,'Jun',2),(20230620,'2023-06-20 00:00:00',2023,6,'Jun',2),(20230621,'2023-06-21 00:00:00',2023,6,'Jun',2),(20230622,'2023-06-22 00:00:00',2023,6,'Jun',2),(20230623,'2023-06-23 00:00:00',2023,6,'Jun',2),(20230624,'2023-06-24 00:00:00',2023,6,'Jun',2),(20230625,'2023-06-25 00:00:00',2023,6,'Jun',2),(20230626,'2023-06-26 00:00:00',2023,6,'Jun',2),(20230627,'2023-06-27 00:00:00',2023,6,'Jun',2),(20230628,'2023-06-28 00:00:00',2023,6,'Jun',2),(20230629,'2023-06-29 00:00:00',2023,6,'Jun',2),(20230630,'2023-06-30 00:00:00',2023,6,'Jun',2),(20230701,'2023-07-01 00:00:00',2023,7,'Jul',3),(20230703,'2023-07-03 00:00:00',2023,7,'Jul',3),(20230704,'2023-07-04 00:00:00',2023,7,'Jul',3),(20230705,'2023-07-05 00:00:00',2023,7,'Jul',3),(20230706,'2023-07-06 00:00:00',2023,7,'Jul',3),(20230708,'2023-07-08 00:00:00',2023,7,'Jul',3),(20230709,'2023-07-09 00:00:00',2023,7,'Jul',3),(20230711,'2023-07-11 00:00:00',2023,7,'Jul',3),(20230712,'2023-07-12 00:00:00',2023,7,'Jul',3),(20230713,'2023-07-13 00:00:00',2023,7,'Jul',3),(20230714,'2023-07-14 00:00:00',2023,7,'Jul',3),(20230715,'2023-07-15 00:00:00',2023,7,'Jul',3),(20230716,'2023-07-16 00:00:00',2023,7,'Jul',3),(20230717,'2023-07-17 00:00:00',2023,7,'Jul',3),(20230719,'2023-07-19 00:00:00',2023,7,'Jul',3),(20230721,'2023-07-21 00:00:00',2023,7,'Jul',3),(20230722,'2023-07-22 00:00:00',2023,7,'Jul',3),(20230723,'2023-07-23 00:00:00',2023,7,'Jul',3),(20230724,'2023-07-24 00:00:00',2023,7,'Jul',3),(20230725,'2023-07-25 00:00:00',2023,7,'Jul',3),(20230726,'2023-07-26 00:00:00',2023,7,'Jul',3),(20230727,'2023-07-27 00:00:00',2023,7,'Jul',3),(20230728,'2023-07-28 00:00:00',2023,7,'Jul',3),(20230729,'2023-07-29 00:00:00',2023,7,'Jul',3),(20230730,'2023-07-30 00:00:00',2023,7,'Jul',3),(20230731,'2023-07-31 00:00:00',2023,7,'Jul',3),(20230801,'2023-08-01 00:00:00',2023,8,'Aug',3),(20230802,'2023-08-02 00:00:00',2023,8,'Aug',3),(20230803,'2023-08-03 00:00:00',2023,8,'Aug',3),(20230804,'2023-08-04 00:00:00',2023,8,'Aug',3),(20230805,'2023-08-05 00:00:00',2023,8,'Aug',3),(20230806,'2023-08-06 00:00:00',2023,8,'Aug',3),(20230807,'2023-08-07 00:00:00',2023,8,'Aug',3),(20230808,'2023-08-08 00:00:00',2023,8,'Aug',3),(20230809,'2023-08-09 00:00:00',2023,8,'Aug',3),(20230810,'2023-08-10 00:00:00',2023,8,'Aug',3),(20230811,'2023-08-11 00:00:00',2023,8,'Aug',3),(20230812,'2023-08-12 00:00:00',2023,8,'Aug',3),(20230813,'2023-08-13 00:00:00',2023,8,'Aug',3),(20230814,'2023-08-14 00:00:00',2023,8,'Aug',3),(20230815,'2023-08-15 00:00:00',2023,8,'Aug',3),(20230817,'2023-08-17 00:00:00',2023,8,'Aug',3),(20230818,'2023-08-18 00:00:00',2023,8,'Aug',3),(20230819,'2023-08-19 00:00:00',2023,8,'Aug',3),(20230820,'2023-08-20 00:00:00',2023,8,'Aug',3),(20230821,'2023-08-21 00:00:00',2023,8,'Aug',3),(20230822,'2023-08-22 00:00:00',2023,8,'Aug',3),(20230823,'2023-08-23 00:00:00',2023,8,'Aug',3),(20230824,'2023-08-24 00:00:00',2023,8,'Aug',3),(20230825,'2023-08-25 00:00:00',2023,8,'Aug',3),(20230826,'2023-08-26 00:00:00',2023,8,'Aug',3),(20230827,'2023-08-27 00:00:00',2023,8,'Aug',3),(20230828,'2023-08-28 00:00:00',2023,8,'Aug',3),(20230829,'2023-08-29 00:00:00',2023,8,'Aug',3),(20230831,'2023-08-31 00:00:00',2023,8,'Aug',3),(20230901,'2023-09-01 00:00:00',2023,9,'Sep',3),(20230902,'2023-09-02 00:00:00',2023,9,'Sep',3),(20230903,'2023-09-03 00:00:00',2023,9,'Sep',3),(20230904,'2023-09-04 00:00:00',2023,9,'Sep',3),(20230905,'2023-09-05 00:00:00',2023,9,'Sep',3),(20230906,'2023-09-06 00:00:00',2023,9,'Sep',3),(20230907,'2023-09-07 00:00:00',2023,9,'Sep',3),(20230908,'2023-09-08 00:00:00',2023,9,'Sep',3),(20230909,'2023-09-09 00:00:00',2023,9,'Sep',3),(20230910,'2023-09-10 00:00:00',2023,9,'Sep',3),(20230911,'2023-09-11 00:00:00',2023,9,'Sep',3),(20230913,'2023-09-13 00:00:00',2023,9,'Sep',3),(20230914,'2023-09-14 00:00:00',2023,9,'Sep',3),(20230915,'2023-09-15 00:00:00',2023,9,'Sep',3),(20230916,'2023-09-16 00:00:00',2023,9,'Sep',3),(20230917,'2023-09-17 00:00:00',2023,9,'Sep',3),(20230918,'2023-09-18 00:00:00',2023,9,'Sep',3),(20230919,'2023-09-19 00:00:00',2023,9,'Sep',3),(20230921,'2023-09-21 00:00:00',2023,9,'Sep',3),(20230922,'2023-09-22 00:00:00',2023,9,'Sep',3),(20230923,'2023-09-23 00:00:00',2023,9,'Sep',3),(20230924,'2023-09-24 00:00:00',2023,9,'Sep',3),(20230925,'2023-09-25 00:00:00',2023,9,'Sep',3),(20230926,'2023-09-26 00:00:00',2023,9,'Sep',3),(20230928,'2023-09-28 00:00:00',2023,9,'Sep',3),(20230929,'2023-09-29 00:00:00',2023,9,'Sep',3),(20230930,'2023-09-30 00:00:00',2023,9,'Sep',3),(20231001,'2023-10-01 00:00:00',2023,10,'Oct',4),(20231002,'2023-10-02 00:00:00',2023,10,'Oct',4),(20231003,'2023-10-03 00:00:00',2023,10,'Oct',4),(20231004,'2023-10-04 00:00:00',2023,10,'Oct',4),(20231005,'2023-10-05 00:00:00',2023,10,'Oct',4),(20231006,'2023-10-06 00:00:00',2023,10,'Oct',4),(20231007,'2023-10-07 00:00:00',2023,10,'Oct',4),(20231008,'2023-10-08 00:00:00',2023,10,'Oct',4),(20231009,'2023-10-09 00:00:00',2023,10,'Oct',4),(20231010,'2023-10-10 00:00:00',2023,10,'Oct',4),(20231011,'2023-10-11 00:00:00',2023,10,'Oct',4),(20231012,'2023-10-12 00:00:00',2023,10,'Oct',4),(20231013,'2023-10-13 00:00:00',2023,10,'Oct',4),(20231014,'2023-10-14 00:00:00',2023,10,'Oct',4),(20231015,'2023-10-15 00:00:00',2023,10,'Oct',4),(20231016,'2023-10-16 00:00:00',2023,10,'Oct',4),(20231017,'2023-10-17 00:00:00',2023,10,'Oct',4),(20231018,'2023-10-18 00:00:00',2023,10,'Oct',4),(20231019,'2023-10-19 00:00:00',2023,10,'Oct',4),(20231020,'2023-10-20 00:00:00',2023,10,'Oct',4),(20231021,'2023-10-21 00:00:00',2023,10,'Oct',4),(20231022,'2023-10-22 00:00:00',2023,10,'Oct',4),(20231023,'2023-10-23 00:00:00',2023,10,'Oct',4),(20231024,'2023-10-24 00:00:00',2023,10,'Oct',4),(20231025,'2023-10-25 00:00:00',2023,10,'Oct',4),(20231026,'2023-10-26 00:00:00',2023,10,'Oct',4),(20231027,'2023-10-27 00:00:00',2023,10,'Oct',4),(20231029,'2023-10-29 00:00:00',2023,10,'Oct',4),(20231030,'2023-10-30 00:00:00',2023,10,'Oct',4),(20231031,'2023-10-31 00:00:00',2023,10,'Oct',4),(20231101,'2023-11-01 00:00:00',2023,11,'Nov',4),(20231102,'2023-11-02 00:00:00',2023,11,'Nov',4),(20231103,'2023-11-03 00:00:00',2023,11,'Nov',4),(20231104,'2023-11-04 00:00:00',2023,11,'Nov',4),(20231105,'2023-11-05 00:00:00',2023,11,'Nov',4),(20231106,'2023-11-06 00:00:00',2023,11,'Nov',4),(20231107,'2023-11-07 00:00:00',2023,11,'Nov',4),(20231108,'2023-11-08 00:00:00',2023,11,'Nov',4),(20231109,'2023-11-09 00:00:00',2023,11,'Nov',4),(20231110,'2023-11-10 00:00:00',2023,11,'Nov',4),(20231112,'2023-11-12 00:00:00',2023,11,'Nov',4),(20231113,'2023-11-13 00:00:00',2023,11,'Nov',4),(20231114,'2023-11-14 00:00:00',2023,11,'Nov',4),(20231115,'2023-11-15 00:00:00',2023,11,'Nov',4),(20231116,'2023-11-16 00:00:00',2023,11,'Nov',4),(20231117,'2023-11-17 00:00:00',2023,11,'Nov',4),(20231118,'2023-11-18 00:00:00',2023,11,'Nov',4),(20231119,'2023-11-19 00:00:00',2023,11,'Nov',4),(20231120,'2023-11-20 00:00:00',2023,11,'Nov',4),(20231121,'2023-11-21 00:00:00',2023,11,'Nov',4),(20231122,'2023-11-22 00:00:00',2023,11,'Nov',4),(20231123,'2023-11-23 00:00:00',2023,11,'Nov',4),(20231124,'2023-11-24 00:00:00',2023,11,'Nov',4),(20231125,'2023-11-25 00:00:00',2023,11,'Nov',4),(20231126,'2023-11-26 00:00:00',2023,11,'Nov',4),(20231127,'2023-11-27 00:00:00',2023,11,'Nov',4),(20231128,'2023-11-28 00:00:00',2023,11,'Nov',4),(20231129,'2023-11-29 00:00:00',2023,11,'Nov',4),(20231130,'2023-11-30 00:00:00',2023,11,'Nov',4),(20231201,'2023-12-01 00:00:00',2023,12,'Dec',4),(20231202,'2023-12-02 00:00:00',2023,12,'Dec',4),(20231203,'2023-12-03 00:00:00',2023,12,'Dec',4),(20231204,'2023-12-04 00:00:00',2023,12,'Dec',4),(20231205,'2023-12-05 00:00:00',2023,12,'Dec',4),(20231206,'2023-12-06 00:00:00',2023,12,'Dec',4),(20231207,'2023-12-07 00:00:00',2023,12,'Dec',4),(20231208,'2023-12-08 00:00:00',2023,12,'Dec',4),(20231209,'2023-12-09 00:00:00',2023,12,'Dec',4),(20231210,'2023-12-10 00:00:00',2023,12,'Dec',4),(20231211,'2023-12-11 00:00:00',2023,12,'Dec',4),(20231212,'2023-12-12 00:00:00',2023,12,'Dec',4),(20231213,'2023-12-13 00:00:00',2023,12,'Dec',4),(20231214,'2023-12-14 00:00:00',2023,12,'Dec',4),(20231215,'2023-12-15 00:00:00',2023,12,'Dec',4),(20231216,'2023-12-16 00:00:00',2023,12,'Dec',4),(20231217,'2023-12-17 00:00:00',2023,12,'Dec',4),(20231218,'2023-12-18 00:00:00',2023,12,'Dec',4),(20231219,'2023-12-19 00:00:00',2023,12,'Dec',4),(20231220,'2023-12-20 00:00:00',2023,12,'Dec',4),(20231221,'2023-12-21 00:00:00',2023,12,'Dec',4),(20231222,'2023-12-22 00:00:00',2023,12,'Dec',4),(20231223,'2023-12-23 00:00:00',2023,12,'Dec',4),(20231224,'2023-12-24 00:00:00',2023,12,'Dec',4),(20231225,'2023-12-25 00:00:00',2023,12,'Dec',4),(20231226,'2023-12-26 00:00:00',2023,12,'Dec',4),(20231227,'2023-12-27 00:00:00',2023,12,'Dec',4),(20231228,'2023-12-28 00:00:00',2023,12,'Dec',4),(20231229,'2023-12-29 00:00:00',2023,12,'Dec',4),(20231231,'2023-12-31 00:00:00',2023,12,'Dec',4),(20240101,'2024-01-01 00:00:00',2024,1,'Jan',1);
/*!40000 ALTER TABLE `dim_date` ENABLE KEYS */;
UNLOCK TABLES;

--
-- Table structure for table `dim_product`
--

DROP TABLE IF EXISTS `dim_product`;
/*!40101 SET @saved_cs_client     = @@character_set_client */;
/*!50503 SET character_set_client = utf8mb4 */;
CREATE TABLE `dim_product` (
  `ProductKey` bigint DEFAULT NULL,
  `Product_Category` text
) ENGINE=InnoDB DEFAULT CHARSET=utf8mb4 COLLATE=utf8mb4_0900_ai_ci;
/*!40101 SET character_set_client = @saved_cs_client */;

--
-- Dumping data for table `dim_product`
--

LOCK TABLES `dim_product` WRITE;
/*!40000 ALTER TABLE `dim_product` DISABLE KEYS */;
INSERT INTO `dim_product` VALUES (1,'Beauty'),(2,'Clothing'),(3,'Electronics');
/*!40000 ALTER TABLE `dim_product` ENABLE KEYS */;
UNLOCK TABLES;

--
-- Table structure for table `fact_sales`
--

DROP TABLE IF EXISTS `fact_sales`;
/*!40101 SET @saved_cs_client     = @@character_set_client */;
/*!50503 SET character_set_client = utf8mb4 */;
CREATE TABLE `fact_sales` (
  `SalesID` bigint DEFAULT NULL,
  `CustomerKey` bigint DEFAULT NULL,
  `ProductKey` bigint DEFAULT NULL,
  `DateKey` bigint DEFAULT NULL,
  `Quantity` bigint DEFAULT NULL,
  `UnitPrice` bigint DEFAULT NULL,
  `SalesAmount` bigint DEFAULT NULL,
  `Profit` double DEFAULT NULL
) ENGINE=InnoDB DEFAULT CHARSET=utf8mb4 COLLATE=utf8mb4_0900_ai_ci;
/*!40101 SET character_set_client = @saved_cs_client */;

--
-- Dumping data for table `fact_sales`
--

LOCK TABLES `fact_sales` WRITE;
/*!40000 ALTER TABLE `fact_sales` DISABLE KEYS */;
INSERT INTO `fact_sales` VALUES (1,1,1,20231124,3,50,150,45),(2,2,2,20230227,2,500,1000,300),(3,3,3,20230113,1,30,30,9),(4,4,2,20230521,1,500,500,150),(5,5,1,20230506,2,50,100,30),(6,6,1,20230425,1,30,30,9),(7,7,2,20230313,2,25,50,15),(8,8,3,20230222,4,25,100,30),(9,9,3,20231213,2,300,600,180),(10,10,2,20231007,4,50,200,60),(11,11,2,20230214,2,50,100,30),(12,12,1,20231030,3,25,75,22.5),(13,13,3,20230805,3,500,1500,450),(14,14,2,20230117,4,30,120,36),(15,15,3,20230116,4,500,2000,600),(16,16,2,20230217,3,500,1500,450),(17,17,2,20230422,4,25,100,30),(18,18,3,20230430,2,25,50,15),(19,19,2,20230916,2,25,50,15),(20,20,2,20231105,3,300,900,270),(21,21,1,20230114,1,500,500,150),(22,22,2,20231015,2,50,100,30),(23,23,2,20230412,4,30,120,36),(24,24,2,20231129,1,300,300,90),(25,25,1,20231226,1,50,50,15),(26,26,3,20231007,2,500,1000,300),(27,27,1,20230803,2,25,50,15),(28,28,1,20230423,1,500,500,150),(29,29,3,20230818,1,30,30,9),(30,30,1,20231029,3,300,900,270),(31,31,3,20230523,4,300,1200,360),(32,32,1,20230104,3,30,90,27),(33,33,3,20230323,2,50,100,30),(34,34,2,20231224,3,50,150,45),(35,35,1,20230805,3,300,900,270),(36,36,1,20230624,3,300,900,270),(37,37,1,20230523,3,25,75,22.5),(38,38,1,20230321,4,50,200,60),(39,39,2,20230421,4,30,120,36),(40,40,1,20230622,1,50,50,15),(41,41,2,20230222,2,25,50,15),(42,42,2,20230217,3,300,900,270),(43,43,2,20230714,1,300,300,90),(44,44,2,20230219,1,25,25,7.5),(45,45,3,20230703,1,30,30,9),(46,46,3,20230626,4,300,1200,360),(47,47,1,20231106,3,500,1500,450),(48,48,3,20230516,3,300,900,270),(49,49,3,20230123,2,500,1000,300),(50,50,1,20230824,3,25,75,22.5),(51,51,1,20231002,3,25,75,22.5),(52,52,1,20230305,1,300,300,90),(53,53,3,20230713,2,50,100,30),(54,54,3,20230210,3,500,1500,450),(55,55,1,20231010,4,30,120,36),(56,56,2,20230531,3,300,900,270),(57,57,1,20231118,1,30,30,9),(58,58,2,20231113,4,300,1200,360),(59,59,2,20230705,1,50,50,15),(60,60,1,20231023,3,50,150,45),(61,61,1,20230409,4,50,200,60),(62,62,1,20231227,2,50,100,30),(63,63,3,20230205,2,25,50,15),(64,64,2,20230124,4,25,100,30),(65,65,3,20231205,4,500,2000,600),(66,66,3,20230427,1,30,30,9),(67,67,1,20230529,4,300,1200,360),(68,68,3,20230210,1,300,300,90),(69,69,1,20230430,3,25,75,22.5),(70,70,2,20230221,1,300,300,90),(71,71,1,20230714,4,25,100,30),(72,72,3,20230523,4,500,2000,600),(73,73,3,20230821,3,30,90,27),(74,74,1,20231122,4,500,2000,600),(75,75,1,20230706,4,50,200,60),(76,76,3,20230325,2,50,100,30),(77,77,2,20230709,2,50,100,30),(78,78,2,20230701,3,500,1500,450),(79,79,1,20230418,1,300,300,90),(80,80,2,20231210,2,30,60,18),(81,81,3,20230517,1,50,50,15),(82,82,1,20231226,4,50,200,60),(83,83,3,20231216,2,50,100,30),(84,84,3,20231128,3,30,90,27),(85,85,2,20230206,3,50,150,45),(86,86,1,20231108,3,30,90,27),(87,87,1,20231122,2,50,100,30),(88,88,2,20230329,1,500,500,150),(89,89,3,20231001,4,500,2000,600),(90,90,3,20230506,1,30,30,9),(91,91,3,20230325,1,500,500,150),(92,92,3,20230825,4,30,120,36),(93,93,1,20230714,4,500,2000,600),(94,94,1,20230519,2,500,1000,300),(95,95,2,20231124,2,30,60,18),(96,96,2,20231219,2,300,600,180),(97,97,1,20231013,2,500,1000,300),(98,98,1,20230423,2,50,100,30),(99,99,3,20231217,4,300,1200,360),(100,100,3,20230616,1,30,30,9),(1000,101,3,20230412,4,30,120,36),(101,102,2,20230129,2,300,600,180),(102,103,1,20230428,2,25,50,15),(103,104,2,20230117,1,25,25,7.5),(104,105,1,20230611,2,500,1000,300),(105,106,3,20230725,1,500,500,150),(106,107,2,20230518,1,50,50,15),(107,108,2,20230203,4,300,1200,360),(108,109,1,20230419,3,25,75,22.5),(109,110,3,20231018,4,500,2000,600),(110,111,2,20230611,3,300,900,270),(111,112,3,20230419,3,500,1500,450),(112,113,2,20231202,3,500,1500,450),(113,114,3,20230913,2,25,50,15),(114,115,1,20230722,4,25,100,30),(115,116,2,20231126,3,500,1500,450),(116,117,2,20230823,1,30,30,9),(117,118,3,20230315,2,500,1000,300),(118,119,3,20230516,4,500,2000,600),(119,120,2,20230313,3,50,150,45),(120,121,1,20230507,1,50,50,15),(121,122,3,20231015,4,50,200,60),(122,123,3,20231003,4,30,120,36),(123,124,3,20230515,2,30,60,18),(124,125,2,20231027,4,500,2000,600),(125,126,2,20230808,2,50,100,30),(126,127,2,20231026,3,30,90,27),(127,128,2,20230724,2,25,50,15),(128,129,1,20230705,1,500,500,150),(129,130,1,20230423,2,300,600,180),(130,131,2,20230312,1,500,500,150),(131,132,1,20230918,2,300,600,180),(132,133,3,20230910,4,50,200,60),(133,134,3,20230216,3,300,900,270),(134,135,3,20230125,1,50,50,15),(135,136,2,20230226,2,25,50,15),(136,137,3,20230320,2,300,600,180),(137,138,1,20231118,2,500,1000,300),(138,139,2,20230323,4,50,200,60),(139,140,1,20231215,4,500,2000,600),(140,141,3,20230805,1,30,30,9),(141,142,3,20231102,1,50,50,15),(142,143,3,20230202,4,300,1200,360),(143,144,2,20230717,1,50,50,15),(144,145,1,20230715,3,500,1500,450),(145,146,2,20231102,3,25,75,22.5),(146,147,2,20230828,4,50,200,60),(147,148,3,20230928,1,300,300,90),(148,149,2,20230509,2,30,60,18),(149,150,2,20231011,3,25,75,22.5),(150,151,3,20230106,4,30,120,36),(151,152,2,20231215,1,50,50,15),(152,153,3,20230228,4,500,2000,600),(153,154,3,20231216,2,500,1000,300),(154,155,3,20231002,3,300,900,270),(155,156,3,20230517,4,500,2000,600),(156,157,2,20231125,4,25,100,30),(157,158,3,20230624,4,500,2000,600),(158,159,3,20230227,2,300,600,180),(159,160,2,20230531,4,50,200,60),(160,161,2,20230811,2,50,100,30),(161,162,1,20230322,2,500,1000,300),(162,163,2,20230821,2,30,60,18),(163,164,2,20230102,3,50,150,45),(164,165,1,20230515,3,500,1500,450),(165,166,2,20230914,4,300,1200,360),(166,167,2,20230402,4,500,2000,600),(167,168,2,20230917,3,50,150,45),(168,169,2,20230224,1,300,300,90),(169,170,1,20231117,3,500,1500,450),(170,171,2,20230602,2,25,50,15),(171,172,2,20231124,3,300,900,270),(172,173,1,20230917,2,25,50,15),(173,174,3,20231108,4,30,120,36),(174,175,1,20230412,1,300,300,90),(175,176,3,20230320,4,25,100,30),(176,177,1,20230711,2,50,100,30),(177,178,1,20230324,2,50,100,30),(178,179,2,20231004,2,30,60,18),(179,180,3,20230929,1,300,300,90),(180,181,2,20230101,3,300,900,270),(181,182,3,20231103,4,300,1200,360),(182,183,1,20230615,4,30,120,36),(183,184,1,20230908,3,300,900,270),(184,185,3,20230110,4,50,200,60),(185,186,2,20230227,1,25,25,7.5),(186,187,2,20230705,4,50,200,60),(187,188,2,20230607,2,50,100,30),(188,189,2,20230503,3,25,75,22.5),(189,190,1,20230130,1,50,50,15),(190,191,1,20230504,3,30,90,27),(191,192,1,20231018,1,25,25,7.5),(192,193,1,20230210,2,50,100,30),(193,194,1,20230213,3,500,1500,450),(194,195,2,20230906,4,50,200,60),(195,196,2,20230205,1,30,30,9),(196,197,2,20230930,3,300,900,270),(197,198,2,20230306,4,50,200,60),(198,199,1,20230307,3,300,900,270),(199,200,1,20231204,3,500,1500,450),(200,201,1,20230901,3,50,150,45),(201,202,3,20231009,1,25,25,7.5),(202,203,2,20230326,4,300,1200,360),(203,204,2,20230516,2,500,1000,300),(204,205,1,20230928,1,25,25,7.5),(205,206,2,20231107,1,25,25,7.5),(206,207,2,20230805,1,25,25,7.5),(207,208,1,20230419,2,25,50,15),(208,209,3,20231004,4,50,200,60),(209,210,3,20231220,4,50,200,60),(210,211,3,20230413,4,50,200,60),(211,212,1,20240101,3,500,1500,450),(212,213,2,20230609,3,500,1500,450),(213,214,1,20230724,3,500,1500,450),(214,215,1,20231210,2,30,60,18),(215,216,2,20231129,3,500,1500,450),(216,217,3,20230711,2,50,100,30),(217,218,3,20230813,4,50,200,60),(218,219,1,20230922,3,30,90,27),(219,220,3,20230820,3,30,90,27),(220,221,1,20230303,1,500,500,150),(221,222,1,20230507,2,300,600,180),(222,223,2,20230426,4,30,120,36),(223,224,2,20230202,1,25,25,7.5),(224,225,2,20230623,1,50,50,15),(225,226,1,20230111,4,25,100,30),(226,227,2,20231029,1,50,50,15),(227,228,3,20231011,2,50,100,30),(228,229,3,20230428,2,30,60,18),(229,230,1,20231029,3,30,90,27),(230,231,1,20230423,1,25,25,7.5),(231,232,2,20230104,3,50,150,45),(232,233,1,20230206,1,25,25,7.5),(233,234,1,20231229,2,300,600,180),(234,235,3,20231120,2,25,50,15),(235,236,3,20230131,2,500,1000,300),(236,237,2,20230428,1,25,25,7.5),(237,238,1,20230204,2,500,1000,300),(238,239,1,20230117,1,500,500,150),(239,240,3,20230619,3,500,1500,450),(240,241,1,20230206,1,300,300,90),(241,242,3,20230921,3,25,75,22.5),(242,243,2,20230502,1,25,25,7.5),(243,244,3,20230523,3,300,900,270),(244,245,1,20231209,2,50,100,30),(245,246,2,20230906,3,30,90,27),(246,247,3,20230420,2,25,50,15),(247,248,3,20231004,2,30,60,18),(248,249,2,20230309,3,300,900,270),(249,250,2,20231020,1,50,50,15),(250,251,3,20231023,1,50,50,15),(251,252,1,20230831,4,50,200,60),(252,253,3,20230505,1,300,300,90),(253,254,2,20230831,4,500,2000,600),(254,255,3,20230728,1,500,500,150),(255,256,2,20230408,1,30,30,9),(256,257,2,20230218,2,500,1000,300),(257,258,1,20230219,4,500,2000,600),(258,259,2,20231204,1,50,50,15),(259,260,2,20230809,4,50,200,60),(260,261,1,20230701,2,30,60,18),(261,262,2,20230805,2,25,50,15),(262,263,1,20230730,4,30,120,36),(263,264,1,20230828,2,30,60,18),(264,265,2,20230128,3,300,900,270),(265,266,2,20231211,3,300,900,270),(266,267,3,20231201,2,30,60,18),(267,268,1,20231127,3,30,90,27),(268,269,3,20230220,1,30,30,9),(269,270,2,20230201,4,500,2000,600),(270,271,3,20230726,1,300,300,90),(271,272,1,20230623,4,30,120,36),(272,273,3,20230225,2,50,100,30),(273,274,1,20230508,1,50,50,15),(274,275,2,20230409,2,500,1000,300),(275,276,2,20230408,2,500,1000,300),(276,277,1,20231002,4,25,100,30),(277,278,2,20230818,4,25,100,30),(278,279,2,20230313,4,25,100,30),(279,280,2,20230805,1,500,500,150),(280,281,2,20230404,3,500,1500,450),(281,282,1,20230523,4,500,2000,600),(282,283,3,20230825,4,50,200,60),(283,284,3,20230508,1,500,500,150),(284,285,2,20230208,4,50,200,60),(285,286,3,20230815,1,25,25,7.5),(286,287,3,20231009,2,25,50,15),(287,288,2,20230220,4,25,100,30),(288,289,2,20230126,4,30,120,36),(289,290,3,20231130,2,30,60,18),(290,291,1,20231004,2,300,600,180),(291,292,2,20230108,2,300,600,180),(292,293,1,20230217,4,300,1200,360),(293,294,3,20230502,3,30,90,27),(294,295,2,20230327,3,30,90,27),(295,296,1,20230728,3,300,900,270),(296,297,2,20230906,4,300,1200,360),(297,298,3,20230904,2,500,1000,300),(298,299,1,20230420,4,300,1200,360),(299,300,3,20230725,2,500,1000,300),(300,301,3,20230131,4,50,200,60),(301,302,2,20230326,4,30,120,36),(302,303,1,20230714,2,300,600,180),(303,304,3,20230102,3,30,90,27),(304,305,3,20230719,2,30,60,18),(305,306,1,20230516,1,30,30,9),(306,307,3,20230821,1,50,50,15),(307,308,3,20230527,2,25,50,15),(308,309,1,20230805,4,300,1200,360),(309,310,1,20231223,1,25,25,7.5),(310,311,1,20231012,1,25,25,7.5),(311,312,1,20231205,4,25,100,30),(312,313,2,20230907,4,30,120,36),(313,314,1,20230321,3,500,1500,450),(314,315,2,20230408,4,30,120,36),(315,316,2,20230601,2,30,60,18),(316,317,2,20230422,2,25,50,15),(317,318,3,20230130,3,30,90,27),(318,319,2,20231024,1,25,25,7.5),(319,320,2,20231005,1,500,500,150),(320,321,3,20230201,4,300,1200,360),(321,322,3,20230610,2,25,50,15),(322,323,3,20230130,1,500,500,150),(323,324,1,20230126,3,300,900,270),(324,325,3,20231027,3,50,150,45),(325,326,3,20230902,2,25,50,15),(326,327,2,20230915,3,25,75,22.5),(327,328,3,20230929,3,50,150,45),(328,329,1,20230322,2,50,100,30),(329,330,3,20230130,4,25,100,30),(330,331,1,20230918,4,50,200,60),(331,332,3,20230211,3,30,90,27),(332,333,3,20230406,4,300,1200,360),(333,334,3,20230205,4,300,1200,360),(334,335,3,20231101,3,300,900,270),(335,336,1,20230204,4,30,120,36),(336,337,1,20231212,3,50,150,45),(337,338,2,20230501,1,500,500,150),(338,339,1,20230726,2,50,100,30),(339,340,3,20230303,2,25,50,15),(340,341,2,20231019,4,300,1200,360),(341,342,2,20230507,4,50,200,60),(342,343,2,20231024,4,500,2000,600),(343,344,3,20231101,2,25,50,15),(344,345,1,20230121,1,30,30,9),(345,346,3,20231114,1,30,30,9),(346,347,2,20230211,2,500,1000,300),(347,348,3,20230803,1,25,25,7.5),(348,349,3,20231203,2,300,600,180),(349,350,1,20231026,1,50,50,15),(350,351,1,20231017,3,25,75,22.5),(351,352,2,20230925,3,30,90,27),(352,353,3,20230611,2,500,1000,300),(353,354,3,20230514,1,500,500,150),(354,355,1,20230415,4,50,200,60),(355,356,3,20231209,1,500,500,150),(356,357,3,20230610,3,500,1500,450),(357,358,3,20230503,3,25,75,22.5),(358,359,1,20230516,1,300,300,90),(359,360,2,20230722,1,50,50,15),(360,361,2,20230309,4,25,100,30),(361,362,3,20231210,4,300,1200,360),(362,363,2,20231127,1,25,25,7.5),(363,364,1,20230603,1,25,25,7.5),(364,365,1,20230823,1,500,500,150),(365,366,2,20230611,1,300,300,90),(366,367,2,20230207,2,50,100,30),(367,368,3,20230105,1,50,50,15),(368,369,2,20230823,4,300,1200,360),(369,370,3,20231115,3,500,1500,450),(370,371,3,20231016,2,30,60,18),(371,372,1,20230221,1,25,25,7.5),(372,373,1,20230207,3,500,1500,450),(373,374,1,20231003,2,300,600,180),(374,375,1,20230420,3,25,75,22.5),(375,376,2,20230917,1,50,50,15),(376,377,1,20230516,1,30,30,9),(377,378,2,20230309,4,50,200,60),(378,379,1,20230628,1,300,300,90),(379,380,2,20230205,1,25,25,7.5),(380,381,3,20230506,2,300,600,180),(381,382,2,20230709,4,25,100,30),(382,383,2,20230526,2,500,1000,300),(383,384,1,20230322,3,30,90,27),(384,385,2,20230813,1,500,500,150),(385,386,3,20231006,3,500,1500,450),(386,387,3,20231227,2,300,600,180),(387,388,1,20230604,1,30,30,9),(388,389,3,20231110,1,25,25,7.5),(389,390,2,20231201,2,25,50,15),(390,391,3,20230928,2,50,100,30),(391,392,1,20230105,2,25,50,15),(392,393,2,20231208,2,300,600,180),(393,394,1,20231011,2,500,1000,300),(394,395,2,20230603,1,500,500,150),(395,396,3,20231206,2,500,1000,300),(396,397,1,20230223,1,30,30,9),(397,398,1,20230310,1,25,25,7.5),(398,399,2,20230516,2,300,600,180),(399,400,1,20230301,2,30,60,18),(400,401,2,20230224,4,50,200,60),(401,402,2,20231011,1,300,300,90),(402,403,2,20230321,2,300,600,180),(403,404,2,20230520,2,300,600,180),(404,405,3,20230525,2,500,1000,300),(405,406,2,20231106,4,300,1200,360),(406,407,1,20230418,4,25,100,30),(407,408,3,20230625,3,300,900,270),(408,409,1,20230415,1,500,500,150),(409,410,3,20231218,3,300,900,270),(410,411,2,20231121,2,50,100,30),(411,412,3,20230516,4,50,200,60),(412,413,3,20230916,4,500,2000,600),(413,414,1,20230908,3,25,75,22.5),(414,415,1,20230509,4,25,100,30),(415,416,2,20230127,2,30,60,18),(416,417,3,20230217,4,500,2000,600),(417,418,3,20231121,3,300,900,270),(418,419,3,20230805,2,500,1000,300),(419,420,2,20230522,3,30,90,27),(420,421,2,20230123,4,500,2000,600),(421,422,2,20230102,3,500,1500,450),(422,423,2,20230620,3,30,90,27),(423,424,2,20230308,1,25,25,7.5),(424,425,1,20231123,4,300,1200,360),(425,426,3,20230515,4,30,120,36),(426,427,3,20230324,3,50,150,45),(427,428,3,20230815,1,25,25,7.5),(428,429,3,20231010,4,50,200,60),(429,430,3,20231228,2,25,50,15),(430,431,3,20230807,3,300,900,270),(431,432,3,20231015,4,300,1200,360),(432,433,3,20230105,2,500,1000,300),(433,434,1,20230227,4,50,200,60),(434,435,3,20230208,2,25,50,15),(435,436,1,20231220,3,300,900,270),(436,437,2,20230318,4,30,120,36),(437,438,3,20231007,4,300,1200,360),(438,439,2,20230119,1,30,30,9),(439,440,2,20230709,3,25,75,22.5),(440,441,2,20231026,2,300,600,180),(441,442,1,20231010,4,300,1200,360),(442,443,2,20230317,4,25,100,30),(443,444,2,20230809,2,300,600,180),(444,445,2,20230307,3,30,90,27),(445,446,3,20230122,1,300,300,90),(446,447,3,20230607,1,50,50,15),(447,448,1,20230706,4,500,2000,600),(448,449,1,20230121,2,30,60,18),(449,450,3,20230703,4,50,200,60),(450,451,1,20230418,2,25,50,15),(451,452,3,20231216,1,30,30,9),(452,453,2,20230508,3,500,1500,450),(453,454,2,20231208,2,500,1000,300),(454,455,1,20230222,1,25,25,7.5),(455,456,3,20230701,4,25,100,30),(456,457,3,20231014,2,30,60,18),(457,458,1,20230728,3,300,900,270),(458,459,3,20231114,4,25,100,30),(459,460,2,20230321,4,300,1200,360),(460,461,1,20230502,1,50,50,15),(461,462,1,20230325,2,500,1000,300),(462,463,3,20230401,4,300,1200,360),(463,464,1,20230731,3,500,1500,450),(464,465,3,20230113,2,300,600,180),(465,466,3,20230402,3,50,150,45),(466,467,3,20230620,4,25,100,30),(467,468,3,20230730,3,50,150,45),(468,469,3,20231209,1,25,25,7.5),(469,470,1,20230508,3,25,75,22.5),(470,471,2,20230517,2,500,1000,300),(471,472,2,20230323,3,50,150,45),(472,473,1,20231226,3,300,900,270),(473,474,1,20230225,1,50,50,15),(474,475,2,20230715,3,500,1500,450),(475,476,2,20230120,3,25,75,22.5),(476,477,2,20230829,4,500,2000,600),(477,478,2,20230424,4,30,120,36),(478,479,2,20230413,2,30,60,18),(479,480,3,20230824,4,300,1200,360),(480,481,1,20230629,4,500,2000,600),(481,482,3,20230606,4,300,1200,360),(482,483,2,20230427,4,300,1200,360),(483,484,2,20230425,1,30,30,9),(484,485,2,20230113,4,300,1200,360),(485,486,3,20231204,1,30,30,9),(486,487,3,20230409,1,25,25,7.5),(487,488,2,20230724,4,500,2000,600),(488,489,3,20230618,3,300,900,270),(489,490,3,20230523,1,30,30,9),(490,491,2,20230205,3,50,150,45),(491,492,3,20230523,3,300,900,270),(492,493,1,20230629,4,25,100,30),(493,494,1,20231125,2,25,50,15),(494,495,1,20230918,4,50,200,60),(495,496,1,20230724,2,30,60,18),(496,497,2,20231214,2,300,600,180),(497,498,2,20231002,4,30,120,36),(498,499,2,20230619,4,25,100,30),(499,500,1,20230115,2,30,60,18),(500,501,1,20230301,4,25,100,30),(501,502,3,20230514,2,30,60,18),(502,503,3,20230402,3,50,150,45),(503,504,1,20231025,4,500,2000,600),(504,505,1,20230516,3,50,150,45),(505,506,1,20230120,1,50,50,15),(506,507,1,20230225,3,500,1500,450),(507,508,3,20231102,3,500,1500,450),(508,509,1,20230811,2,300,600,180),(509,510,3,20230626,3,300,900,270),(510,511,1,20230610,4,50,200,60),(511,512,1,20230812,2,50,100,30),(512,513,1,20231107,1,25,25,7.5),(513,514,3,20230919,4,25,100,30),(514,515,3,20230301,1,300,300,90),(515,516,2,20230717,3,300,900,270),(516,517,1,20231023,4,25,100,30),(517,518,2,20230408,4,25,100,30),(518,519,2,20230511,1,30,30,9),(519,520,3,20230123,4,30,120,36),(520,521,3,20231229,4,25,100,30),(521,522,2,20230812,4,30,120,36),(522,523,1,20230101,3,500,1500,450),(523,524,3,20230924,1,300,300,90),(524,525,1,20231003,4,300,1200,360),(525,526,1,20231218,2,25,50,15),(526,527,2,20231210,2,50,100,30),(527,528,2,20230411,2,25,50,15),(528,529,2,20230706,2,30,60,18),(529,530,2,20230809,3,50,150,45),(530,531,3,20230205,4,30,120,36),(531,532,3,20231207,1,500,500,150),(532,533,2,20230619,4,30,120,36),(533,534,3,20231116,3,500,1500,450),(534,535,2,20230610,2,500,1000,300),(535,536,1,20231206,3,30,90,27),(536,537,1,20230305,4,30,120,36),(537,538,1,20230603,1,500,500,150),(538,539,2,20230917,3,50,150,45),(539,540,1,20230608,1,500,500,150),(540,541,3,20231208,3,300,900,270),(541,542,1,20230729,1,500,500,150),(542,543,1,20230617,1,50,50,15),(543,544,1,20230726,2,300,600,180),(544,545,3,20231223,1,25,25,7.5),(545,546,2,20230601,2,25,50,15),(546,547,3,20231011,4,50,200,60),(547,548,2,20230307,4,500,2000,600),(548,549,2,20230409,2,30,60,18),(549,550,1,20230804,2,50,100,30),(550,551,2,20231207,3,300,900,270),(551,552,3,20230714,3,300,900,270),(552,553,3,20231213,3,25,75,22.5),(553,554,2,20230331,4,300,1200,360),(554,555,1,20231112,3,50,150,45),(555,556,1,20231019,1,300,300,90),(556,557,3,20230604,1,50,50,15),(557,558,1,20230727,3,30,90,27),(558,559,2,20231008,1,25,25,7.5),(559,560,2,20230101,4,300,1200,360),(560,561,3,20230605,1,50,50,15),(561,562,2,20230527,4,500,2000,600),(562,563,3,20230418,2,25,50,15),(563,564,2,20230809,2,30,60,18),(564,565,3,20231024,2,50,100,30),(565,566,1,20231107,2,30,60,18),(566,567,2,20231202,1,30,30,9),(567,568,2,20230614,3,300,900,270),(568,569,3,20230827,1,300,300,90),(569,570,3,20230815,4,50,200,60),(570,571,2,20230815,1,500,500,150),(571,572,3,20231212,1,50,50,15),(572,573,2,20230420,4,500,2000,600),(573,574,1,20230919,2,30,60,18),(574,575,3,20230831,2,25,50,15),(575,576,2,20230328,2,50,100,30),(576,577,1,20231204,3,50,150,45),(577,578,1,20230213,4,500,2000,600),(578,579,2,20230526,4,30,120,36),(579,580,3,20230921,1,30,30,9),(580,581,2,20231206,3,500,1500,450),(581,582,1,20231121,2,30,60,18),(582,583,2,20231114,3,300,900,270),(583,584,3,20230621,4,25,100,30),(584,585,1,20230217,4,50,200,60),(585,586,2,20230501,1,25,25,7.5),(586,587,3,20231211,1,50,50,15),(587,588,1,20230608,4,300,1200,360),(588,589,3,20230426,2,30,60,18),(589,590,1,20230412,2,500,1000,300),(590,591,2,20230317,3,300,900,270),(591,592,3,20230113,4,25,100,30),(592,593,1,20230124,4,500,2000,600),(593,594,3,20230506,2,30,60,18),(594,595,3,20230901,2,300,600,180),(595,596,2,20231109,4,500,2000,600),(596,597,3,20230207,1,300,300,90),(597,598,1,20230822,4,300,1200,360),(598,599,1,20230801,4,30,120,36),(599,600,1,20231119,2,50,100,30),(600,601,1,20231022,2,500,1000,300),(601,602,2,20230410,1,30,30,9),(602,603,3,20231223,1,300,300,90),(603,604,2,20230716,3,30,90,27),(604,605,3,20230911,4,50,200,60),(605,606,3,20230724,2,500,1000,300),(606,607,3,20230505,1,50,50,15),(607,608,2,20230317,3,25,75,22.5),(608,609,3,20231202,3,500,1500,450),(609,610,2,20231219,2,50,100,30),(610,611,1,20230103,2,300,600,180),(611,612,1,20230224,3,500,1500,450),(612,613,3,20230806,1,500,500,150),(613,614,2,20230423,3,30,90,27),(614,615,1,20230401,4,300,1200,360),(615,616,2,20231223,4,25,100,30),(616,617,2,20230923,2,50,100,30),(617,618,3,20230826,1,30,30,9),(618,619,1,20230126,1,50,50,15),(619,620,3,20231013,4,25,100,30),(620,621,3,20230508,3,25,75,22.5),(621,622,1,20230304,2,500,1000,300),(622,623,1,20230822,3,25,75,22.5),(623,624,2,20230310,3,50,150,45),(624,625,1,20230826,3,300,900,270),(625,626,2,20231208,1,300,300,90),(626,627,2,20230929,4,500,2000,600),(627,628,2,20231014,1,50,50,15),(628,629,1,20231101,4,50,200,60),(629,630,3,20230612,2,25,50,15),(630,631,2,20230815,2,50,100,30),(631,632,3,20231110,3,30,90,27),(632,633,3,20230916,4,25,100,30),(633,634,1,20230807,4,30,120,36),(634,635,3,20231008,4,500,2000,600),(635,636,3,20230817,3,300,900,270),(636,637,1,20230323,3,500,1500,450),(637,638,2,20230901,2,300,600,180),(638,639,3,20230819,1,500,500,150),(639,640,1,20230513,4,50,200,60),(640,641,3,20230507,4,30,120,36),(641,642,3,20231123,1,300,300,90),(642,643,2,20230522,4,25,100,30),(643,644,3,20230924,3,30,90,27),(644,645,1,20230906,3,25,75,22.5),(645,646,3,20231117,4,30,120,36),(646,647,2,20230503,3,30,90,27),(647,648,2,20230521,3,500,1500,450),(648,649,1,20230814,4,300,1200,360),(649,650,2,20230209,2,300,600,180),(650,651,3,20240101,1,30,30,9),(651,652,2,20230527,3,50,150,45),(652,653,1,20230501,2,50,100,30),(653,654,2,20230520,3,25,75,22.5),(654,655,2,20230621,3,25,75,22.5),(655,656,2,20230613,1,500,500,150),(656,657,1,20231004,3,30,90,27),(657,658,2,20230211,1,25,25,7.5),(658,659,2,20230312,1,25,25,7.5),(659,660,3,20230319,1,30,30,9),(660,661,1,20230429,2,500,1000,300),(661,662,2,20230716,4,25,100,30),(662,663,1,20231222,2,500,1000,300),(663,664,2,20230320,4,300,1200,360),(664,665,2,20231228,4,500,2000,600),(665,666,2,20230420,1,50,50,15),(666,667,3,20230202,3,50,150,45),(667,668,3,20230801,1,500,500,150),(668,669,3,20230728,3,50,150,45),(669,670,1,20230619,4,300,1200,360),(670,671,1,20231005,1,30,30,9),(671,672,3,20230827,3,50,150,45),(672,673,1,20230801,2,50,100,30),(673,674,2,20230201,3,500,1500,450),(674,675,2,20230416,1,300,300,90),(675,676,2,20230804,2,30,60,18),(676,677,3,20230719,3,500,1500,450),(677,678,1,20231027,3,500,1500,450),(678,679,3,20231223,3,300,900,270),(679,680,1,20230111,3,30,90,27),(680,681,2,20231022,3,300,900,270),(681,682,3,20230714,2,30,60,18),(682,683,1,20230902,4,300,1200,360),(683,684,1,20230104,2,500,1000,300),(684,685,2,20230630,2,500,1000,300),(685,686,3,20230602,2,25,50,15),(686,687,3,20230719,4,50,200,60),(687,688,3,20230803,1,300,300,90),(688,689,2,20231003,4,25,100,30),(689,690,3,20231007,2,50,100,30),(690,691,2,20231105,3,300,900,270),(691,692,2,20230423,3,30,90,27),(692,693,2,20230907,2,50,100,30),(693,694,1,20230423,3,500,1500,450),(694,695,3,20230520,2,25,50,15),(695,696,3,20230812,3,50,150,45),(696,697,2,20230906,4,50,200,60),(697,698,2,20230115,1,500,500,150),(698,699,3,20230719,1,300,300,90),(699,700,2,20230622,4,30,120,36),(700,701,3,20231209,4,500,2000,600),(701,702,1,20231214,2,30,60,18),(702,703,2,20230727,2,300,600,180),(703,704,3,20230326,2,50,100,30),(704,705,2,20230828,3,30,90,27),(705,706,3,20230307,2,25,50,15),(706,707,3,20231115,4,25,100,30),(707,708,2,20231001,1,500,500,150),(708,709,1,20230114,3,300,900,270),(709,710,3,20230721,2,500,1000,300),(710,711,3,20231031,3,500,1500,450),(711,712,3,20231016,3,500,1500,450),(712,713,1,20231206,2,25,50,15),(713,714,1,20230114,3,25,75,22.5),(714,715,2,20230212,1,500,500,150),(715,716,1,20231126,4,25,100,30),(716,717,2,20230808,4,300,1200,360),(717,718,2,20230311,1,500,500,150),(718,719,1,20230825,3,25,75,22.5),(719,720,2,20230404,2,30,60,18),(720,721,1,20230126,3,500,1500,450),(721,722,2,20230514,1,500,500,150),(722,723,1,20230714,3,300,900,270),(723,724,1,20230617,4,50,200,60),(724,725,2,20230419,3,50,150,45),(725,726,3,20230821,1,300,300,90),(726,727,2,20230617,4,300,1200,360),(727,728,1,20230622,3,300,900,270),(728,729,3,20230714,3,50,150,45),(729,730,2,20230523,4,300,1200,360),(730,731,2,20230804,2,25,50,15),(731,732,2,20230510,4,500,2000,600),(732,733,3,20230211,2,500,1000,300),(733,734,1,20230829,1,30,30,9),(734,735,2,20230110,1,30,30,9),(735,736,2,20231004,4,500,2000,600),(736,737,2,20230127,4,25,100,30),(737,738,2,20230629,1,50,50,15),(738,739,2,20230425,2,50,100,30),(739,740,1,20231129,1,25,25,7.5),(740,741,1,20230205,4,50,200,60),(741,742,2,20231130,1,300,300,90),(742,743,3,20230121,4,500,2000,600),(743,744,1,20230116,4,500,2000,600),(744,745,3,20230507,1,25,25,7.5),(745,746,1,20230413,2,50,100,30),(746,747,2,20230111,3,30,90,27),(747,748,1,20231115,1,30,30,9),(748,749,2,20230320,3,50,150,45),(749,750,1,20230503,1,30,30,9),(750,751,2,20230306,3,25,75,22.5),(751,752,2,20230831,2,25,50,15),(752,753,2,20231209,2,50,100,30),(753,754,2,20230228,1,30,30,9),(754,755,3,20231016,4,25,100,30),(755,756,2,20230422,3,25,75,22.5),(756,757,3,20230827,4,300,1200,360),(757,758,3,20231225,4,300,1200,360),(758,759,2,20230512,4,25,100,30),(759,760,3,20230708,2,50,100,30),(760,761,1,20230327,1,500,500,150),(761,762,2,20231107,1,500,500,150),(762,763,3,20231107,2,25,50,15),(763,764,2,20230228,2,25,50,15),(764,765,2,20230325,1,25,25,7.5),(765,766,2,20230609,4,50,200,60),(766,767,3,20230225,3,300,900,270),(767,768,1,20231024,3,25,75,22.5),(768,769,1,20230114,3,25,75,22.5),(769,770,3,20230609,4,30,120,36),(770,771,2,20231022,1,50,50,15),(771,772,3,20231213,2,25,50,15),(772,773,3,20230712,1,30,30,9),(773,774,3,20230723,4,500,2000,600),(774,775,2,20230412,2,25,50,15),(775,776,3,20230208,4,25,100,30),(776,777,2,20231031,3,30,90,27),(777,778,3,20231220,3,50,150,45),(778,779,1,20231118,4,25,100,30),(779,780,3,20230505,2,500,1000,300),(780,781,3,20230222,2,25,50,15),(781,782,1,20231223,1,500,500,150),(782,783,2,20230604,3,300,900,270),(783,784,2,20231217,1,300,300,90),(784,785,3,20231104,1,500,500,150),(785,786,1,20230303,4,50,200,60),(786,787,2,20231017,4,25,100,30),(787,788,3,20230122,1,25,25,7.5),(788,789,1,20230627,3,300,900,270),(789,790,2,20230930,4,500,2000,600),(790,791,2,20230808,1,25,25,7.5),(791,792,1,20231205,1,25,25,7.5),(792,793,1,20230709,1,50,50,15),(793,794,1,20230205,1,30,30,9),(794,795,1,20230917,1,300,300,90),(795,796,3,20231128,1,300,300,90),(796,797,1,20230624,4,30,120,36),(797,798,2,20230107,3,25,75,22.5),(798,799,2,20230804,1,50,50,15),(799,800,3,20230908,2,50,100,30),(800,801,2,20230224,4,300,1200,360),(801,802,2,20230810,4,50,200,60),(802,803,1,20230705,1,30,30,9),(803,804,2,20231122,4,25,100,30),(804,805,3,20230824,1,30,30,9),(805,806,1,20231229,3,500,1500,450),(806,807,1,20230320,3,300,900,270),(807,808,3,20230811,4,50,200,60),(808,809,1,20230401,4,500,2000,600),(809,810,1,20230925,2,50,100,30),(810,811,3,20231130,4,25,100,30),(811,812,1,20230519,2,25,50,15),(812,813,3,20231112,3,25,75,22.5),(813,814,3,20231003,3,50,150,45),(814,815,2,20230905,1,500,500,150),(815,816,2,20230827,3,25,75,22.5),(816,817,1,20230812,2,500,1000,300),(817,818,1,20231031,4,50,200,60),(818,819,3,20230518,1,500,500,150),(819,820,1,20230615,2,50,100,30),(820,821,3,20230506,4,50,200,60),(821,822,3,20230214,1,300,300,90),(822,823,1,20230523,3,50,150,45),(823,824,3,20230819,2,50,100,30),(824,825,2,20230505,4,30,120,36),(825,826,1,20230826,1,25,25,7.5),(826,827,2,20231019,1,300,300,90),(827,828,1,20231109,3,300,900,270),(828,829,3,20231209,4,300,1200,360),(829,830,1,20230714,3,30,90,27),(830,831,2,20230622,3,50,150,45),(831,832,3,20230115,4,25,100,30),(832,833,1,20230911,4,500,2000,600),(833,834,1,20230616,4,50,200,60),(834,835,1,20230404,2,30,60,18),(835,836,2,20230907,4,50,200,60),(836,837,2,20230419,1,50,50,15),(837,838,1,20230701,3,30,90,27),(838,839,3,20230513,2,300,600,180),(839,840,3,20230624,4,300,1200,360),(840,841,2,20230524,2,25,50,15),(841,842,3,20231102,4,25,100,30),(842,843,2,20231226,2,300,600,180),(843,844,1,20230522,3,500,1500,450),(844,845,2,20231012,3,50,150,45),(845,846,2,20230106,1,500,500,150),(846,847,1,20230922,1,50,50,15),(847,848,3,20230408,4,300,1200,360),(848,849,2,20230213,3,25,75,22.5),(849,850,2,20230504,2,25,50,15),(850,851,1,20230728,2,500,1000,300),(851,852,3,20230908,2,25,50,15),(852,853,2,20231012,1,300,300,90),(853,854,1,20230504,2,500,1000,300),(854,855,2,20231220,1,50,50,15),(855,856,1,20230901,1,25,25,7.5),(856,857,3,20231127,4,30,120,36),(857,858,3,20231231,2,25,50,15),(858,859,3,20230909,2,50,100,30),(859,860,3,20230818,3,500,1500,450),(860,861,2,20230109,4,50,200,60),(861,862,2,20230217,3,30,90,27),(862,863,3,20230531,4,300,1200,360),(863,864,3,20230424,2,25,50,15),(864,865,3,20230727,1,500,500,150),(865,866,2,20231221,1,300,300,90),(866,867,3,20230505,1,50,50,15),(867,868,3,20230606,1,500,500,150),(868,869,3,20231206,1,300,300,90),(869,870,1,20231025,3,500,1500,450),(870,871,3,20230708,4,30,120,36),(871,872,1,20230831,2,30,60,18),(872,873,1,20231011,3,25,75,22.5),(873,874,3,20230929,4,25,100,30),(874,875,1,20230626,1,30,30,9),(875,876,3,20230806,4,500,2000,600),(876,877,2,20231009,4,30,120,36),(877,878,2,20230619,1,25,25,7.5),(878,879,2,20230630,1,30,30,9),(879,880,2,20231226,1,30,30,9),(880,881,1,20230821,2,500,1000,300),(881,882,3,20230519,1,300,300,90),(882,883,3,20230606,2,25,50,15),(883,884,3,20230509,1,500,500,150),(884,885,2,20230429,2,30,60,18),(885,886,2,20230303,4,30,120,36),(886,887,3,20230409,3,300,900,270),(887,888,2,20230611,4,25,100,30),(888,889,3,20230303,4,25,100,30),(889,890,3,20231002,1,50,50,15),(890,891,3,20231220,2,25,50,15),(891,892,3,20230405,3,300,900,270),(892,893,3,20230409,1,50,50,15),(893,894,3,20230421,1,50,50,15),(894,895,3,20230905,1,30,30,9),(895,896,2,20230522,4,30,120,36),(896,897,3,20231029,2,25,50,15),(897,898,3,20230926,2,50,100,30),(898,899,2,20231102,3,30,90,27),(899,900,2,20230525,2,300,600,180),(900,901,2,20230221,2,30,60,18),(901,902,3,20230410,1,30,30,9),(902,903,1,20230601,1,50,50,15),(903,904,1,20230427,4,50,200,60),(904,905,2,20230704,1,500,500,150),(905,906,1,20230402,1,300,300,90),(906,907,2,20230604,1,50,50,15),(907,908,3,20230108,1,25,25,7.5),(908,909,1,20231229,4,300,1200,360),(909,910,3,20231001,1,300,300,90),(910,911,1,20230306,3,50,150,45),(911,912,3,20230521,3,300,900,270),(912,913,1,20230124,3,50,150,45),(913,914,3,20230128,3,30,90,27),(914,915,3,20231011,1,500,500,150),(915,916,1,20230530,3,30,90,27),(916,917,3,20231224,1,50,50,15),(917,918,3,20230306,4,50,200,60),(918,919,3,20231123,3,30,90,27),(919,920,1,20230909,2,25,50,15),(920,921,1,20230222,3,25,75,22.5),(921,922,3,20230107,3,25,75,22.5),(922,923,3,20231021,1,50,50,15),(923,924,1,20230526,3,300,900,270),(924,925,1,20230829,2,50,100,30),(925,926,3,20230903,1,300,300,90),(926,927,3,20230814,1,30,30,9),(927,928,3,20230624,4,500,2000,600),(928,929,2,20230405,4,300,1200,360),(929,930,1,20230127,3,25,75,22.5),(930,931,2,20230510,4,50,200,60),(931,932,1,20230902,4,30,120,36),(932,933,1,20230228,4,25,100,30),(933,934,1,20230203,1,30,30,9),(934,935,1,20230725,1,500,500,150),(935,936,1,20230909,1,50,50,15),(936,937,1,20230207,4,50,200,60),(937,938,1,20231023,1,500,500,150),(938,939,2,20231119,4,50,200,60),(939,940,3,20231218,1,300,300,90),(940,941,3,20230128,1,30,30,9),(941,942,2,20230319,2,25,50,15),(942,943,2,20230318,3,500,1500,450),(943,944,2,20231016,4,300,1200,360),(944,945,2,20230605,2,25,50,15),(945,946,1,20230213,1,25,25,7.5),(946,947,3,20230508,4,500,2000,600),(947,948,1,20230302,1,300,300,90),(948,949,3,20231013,3,25,75,22.5),(949,950,3,20230802,2,25,50,15),(950,951,2,20231107,3,300,900,270),(951,952,1,20231102,2,50,100,30),(952,953,2,20231113,1,25,25,7.5),(953,954,1,20230426,3,30,90,27),(954,955,3,20230925,3,300,900,270),(955,956,2,20230714,1,25,25,7.5),(956,957,2,20230819,3,500,1500,450),(957,958,3,20230815,4,30,120,36),(958,959,3,20230602,2,25,50,15),(959,960,3,20231029,2,30,60,18),(960,961,2,20230808,2,30,60,18),(961,962,1,20230606,4,50,200,60),(962,963,2,20231019,2,30,60,18),(963,964,1,20231114,1,50,50,15),(964,965,2,20230131,3,300,900,270),(965,966,2,20231109,4,50,200,60),(966,967,3,20230220,2,500,1000,300),(967,968,1,20230417,1,25,25,7.5),(968,969,2,20231117,3,300,900,270),(969,970,2,20230419,3,300,900,270),(970,971,3,20230516,4,500,2000,600),(971,972,3,20231205,4,50,200,60),(972,973,1,20230211,4,25,100,30),(973,974,2,20230322,1,50,50,15),(974,975,1,20230503,1,30,30,9),(975,976,2,20230330,4,50,200,60),(976,977,1,20231010,2,300,600,180),(977,978,3,20230208,3,25,75,22.5),(978,979,2,20230322,3,50,150,45),(979,980,1,20230102,1,25,25,7.5),(980,981,3,20230729,3,25,75,22.5),(981,982,3,20230819,2,30,60,18),(982,983,1,20231219,3,30,90,27),(983,984,2,20231101,1,300,300,90),(984,985,2,20230829,1,500,500,150),(985,986,3,20230530,2,25,50,15),(986,987,2,20230117,2,500,1000,300),(987,988,2,20230429,3,300,900,270),(988,989,2,20230528,3,25,75,22.5),(989,990,3,20231228,1,25,25,7.5),(990,991,1,20230525,2,500,1000,300),(991,992,2,20231226,2,50,100,30),(992,993,3,20230821,2,30,60,18),(993,994,3,20230206,3,50,150,45),(994,995,1,20231218,2,500,1000,300),(995,996,2,20230430,1,30,30,9),(996,997,2,20230516,1,50,50,15),(997,998,1,20231117,3,30,90,27),(998,999,1,20231029,4,25,100,30),(999,1000,3,20231205,3,50,150,45);
/*!40000 ALTER TABLE `fact_sales` ENABLE KEYS */;
UNLOCK TABLES;
/*!40103 SET TIME_ZONE=@OLD_TIME_ZONE */;

/*!40101 SET SQL_MODE=@OLD_SQL_MODE */;
/*!40014 SET FOREIGN_KEY_CHECKS=@OLD_FOREIGN_KEY_CHECKS */;
/*!40014 SET UNIQUE_CHECKS=@OLD_UNIQUE_CHECKS */;
/*!40101 SET CHARACTER_SET_CLIENT=@OLD_CHARACTER_SET_CLIENT */;
/*!40101 SET CHARACTER_SET_RESULTS=@OLD_CHARACTER_SET_RESULTS */;
/*!40101 SET COLLATION_CONNECTION=@OLD_COLLATION_CONNECTION */;
/*!40111 SET SQL_NOTES=@OLD_SQL_NOTES */;

-- Dump completed on 2026-04-15  1:07:04
